Asof;SecurityId;Price;AdjustedPrice
10.02.2015 00:00:00;433274;10.9116036736136;10.9116036736136
11.02.2015 00:00:00;433274;10.9299425033171;10.9299425033171
12.02.2015 00:00:00;433274;11.3357168079096;11.3357168079096
13.02.2015 00:00:00;433274;11.7216631355932;11.7216631355932
16.02.2015 00:00:00;433274;11.6685373553139;11.6685373553139
17.02.2015 00:00:00;433274;11.621612139286;11.621612139286
18.02.2015 00:00:00;433274;11.8214945867441;11.8214945867441
19.02.2015 00:00:00;433274;11.6839055228729;11.6839055228729
20.02.2015 00:00:00;433274;11.7379716773683;11.7379716773683
23.02.2015 00:00:00;433274;11.7691765741964;11.7691765741964
24.02.2015 00:00:00;433274;11.9051777366146;11.9051777366146
25.02.2015 00:00:00;433274;11.959584397288;11.959584397288
26.02.2015 00:00:00;433274;12.4182645144029;12.4182645144029
27.02.2015 00:00:00;433274;12.6268723252496;12.6268723252496
02.03.2015 00:00:00;433274;12.3714489905306;12.3714489905306
03.03.2015 00:00:00;433274;12.4068842199374;12.4068842199374
04.03.2015 00:00:00;433274;12.6056554340952;12.6056554340952
05.03.2015 00:00:00;433274;12.6996011602611;12.6996011602611
06.03.2015 00:00:00;433274;12.8816104661876;12.8816104661876
09.03.2015 00:00:00;433274;12.7245989304813;12.7245989304813
10.03.2015 00:00:00;433274;12.8276828243205;12.8276828243205
11.03.2015 00:00:00;433274;13.2766219027804;13.2766219027804
12.03.2015 00:00:00;433274;13.3788392688901;13.3788392688901
13.03.2015 00:00:00;433274;13.548702841395;13.548702841395
16.03.2015 00:00:00;433274;13.4371631205674;13.4371631205674
17.03.2015 00:00:00;433274;13.4081093823668;13.4081093823668
18.03.2015 00:00:00;433274;13.3793459875963;13.3793459875963
19.03.2015 00:00:00;433274;13.3342434798983;13.3342434798983
20.03.2015 00:00:00;433274;13.2122138819387;13.2122138819387
23.03.2015 00:00:00;433274;13.3075585651537;13.3075585651537
24.03.2015 00:00:00;433274;13.5348432055749;13.5348432055749
25.03.2015 00:00:00;433274;13.3237757145458;13.3237757145458
26.03.2015 00:00:00;433274;13.2761494779264;13.2761494779264
27.03.2015 00:00:00;433274;13.0990162728694;13.0990162728694
30.03.2015 00:00:00;433274;13.1634198134983;13.1634198134983
31.03.2015 00:00:00;433274;13.6441072425991;13.6441072425991
01.04.2015 00:00:00;433274;13.9595649749024;13.9595649749024
02.04.2015 00:00:00;433274;13.9790421913779;13.9790421913779
07.04.2015 00:00:00;433274;13.944833302634;13.944833302634
08.04.2015 00:00:00;433274;14.3132239829488;14.3132239829488
09.04.2015 00:00:00;433274;14.946801536012;14.946801536012
10.04.2015 00:00:00;433274;14.9870093194013;14.9870093194013
13.04.2015 00:00:00;433274;15.1448699763593;15.1448699763593
14.04.2015 00:00:00;433274;15.2059841047218;15.2059841047218
15.04.2015 00:00:00;433274;15.49948157225;15.49948157225
16.04.2015 00:00:00;433274;14.9235514018692;14.9235514018692
17.04.2015 00:00:00;433274;14.8373085846868;14.8373085846868
20.04.2015 00:00:00;433274;14.9649400167395;14.9649400167395
21.04.2015 00:00:00;433274;15.1394526159002;15.1394526159002
22.04.2015 00:00:00;433274;15.7247971649725;15.7247971649725
23.04.2015 00:00:00;433274;15.8385484169598;15.8385484169598
24.04.2015 00:00:00;433274;16.1258400073644;16.1258400073644
27.04.2015 00:00:00;433274;16.1558250643146;16.1558250643146
28.04.2015 00:00:00;433274;15.7606993261701;15.7606993261701
29.04.2015 00:00:00;433274;15.2958378184428;15.2958378184428
30.04.2015 00:00:00;433274;15.3676457459155;15.3676457459155
04.05.2015 00:00:00;433274;15.675445668727;15.675445668727
05.05.2015 00:00:00;433274;15.4379190131402;15.4379190131402
06.05.2015 00:00:00;433274;14.9860829736633;14.9860829736633
07.05.2015 00:00:00;433274;15.1845306811118;15.1845306811118
08.05.2015 00:00:00;433274;15.1694885047229;15.1694885047229
11.05.2015 00:00:00;433274;15.3384463580911;15.3384463580911
12.05.2015 00:00:00;433274;15.0428558726772;15.0428558726772
13.05.2015 00:00:00;433274;14.8045106158048;14.8045106158048
14.05.2015 00:00:00;433274;14.6068008083648;14.6068008083648
15.05.2015 00:00:00;433274;14.3761147053681;14.3761147053681
18.05.2015 00:00:00;433274;14.5521337439507;14.5521337439507
19.05.2015 00:00:00;433274;15.074220504987;15.074220504987
20.05.2015 00:00:00;433274;15.4221141725194;15.4221141725194
21.05.2015 00:00:00;433274;15.659082733813;15.659082733813
22.05.2015 00:00:00;433274;15.9980955835676;15.9980955835676
25.05.2015 00:00:00;433274;15.9742982136347;15.9742982136347
26.05.2015 00:00:00;433274;16.1787483942008;16.1787483942008
27.05.2015 00:00:00;433274;16.2506664215461;16.2506664215461
28.05.2015 00:00:00;433274;15.8443854185748;15.8443854185748
29.05.2015 00:00:00;433274;15.8414522897282;15.8414522897282
01.06.2015 00:00:00;433274;16.1802330916766;16.1802330916766
02.06.2015 00:00:00;433274;15.8614306254493;15.8614306254493
03.06.2015 00:00:00;433274;15.6080241434404;15.6080241434404
04.06.2015 00:00:00;433274;15.7712285055841;15.7712285055841
05.06.2015 00:00:00;433274;15.8899891969752;15.8899891969752
08.06.2015 00:00:00;433274;15.8103694449402;15.8103694449402
09.06.2015 00:00:00;433274;15.7569370330843;15.7569370330843
10.06.2015 00:00:00;433274;16.078297797045;16.078297797045
11.06.2015 00:00:00;433274;16.0530626780627;16.0530626780627
12.06.2015 00:00:00;433274;15.7233759318424;15.7233759318424
15.06.2015 00:00:00;433274;15.6260552741491;15.6260552741491
16.06.2015 00:00:00;433274;15.4128693485226;15.4128693485226
17.06.2015 00:00:00;433274;15.4085284429805;15.4085284429805
18.06.2015 00:00:00;433274;15.3218733555517;15.3218733555517
19.06.2015 00:00:00;433274;15.7044130626655;15.7044130626655
22.06.2015 00:00:00;433274;15.6774872784699;15.6774872784699
23.06.2015 00:00:00;433274;16.2139472507823;16.2139472507823
24.06.2015 00:00:00;433274;15.9760393383996;15.9760393383996
25.06.2015 00:00:00;433274;15.8386347390994;15.8386347390994
26.06.2015 00:00:00;433274;15.7276889926378;15.7276889926378
29.06.2015 00:00:00;433274;15.2575553761994;15.2575553761994
30.06.2015 00:00:00;433274;15.0324028363702;15.0324028363702
01.07.2015 00:00:00;433274;15.4265010351967;15.4265010351967
02.07.2015 00:00:00;433274;15.22528363047;15.22528363047
03.07.2015 00:00:00;433274;15.4119448698315;15.4119448698315
06.07.2015 00:00:00;433274;15.3451015801354;15.3451015801354
07.07.2015 00:00:00;433274;15.2446964155084;15.2446964155084
08.07.2015 00:00:00;433274;15.0597433116414;15.0597433116414
09.07.2015 00:00:00;433274;15.4470801267542;15.4470801267542
10.07.2015 00:00:00;433274;15.5507920880695;15.5507920880695
13.07.2015 00:00:00;433274;16.1450631301662;16.1450631301662
14.07.2015 00:00:00;433274;16.1338303482135;16.1338303482135
15.07.2015 00:00:00;433274;16.3228396751528;16.3228396751528
16.07.2015 00:00:00;433274;16.4514118078474;16.4514118078474
17.07.2015 00:00:00;433274;16.7754237288136;16.7754237288136
20.07.2015 00:00:00;433274;17.0604749631812;17.0604749631812
21.07.2015 00:00:00;433274;16.6889803383631;16.6889803383631
22.07.2015 00:00:00;433274;16.570090884054;16.570090884054
23.07.2015 00:00:00;433274;16.23970856102;16.23970856102
24.07.2015 00:00:00;433274;16.0551504102097;16.0551504102097
27.07.2015 00:00:00;433274;15.673090778098;15.673090778098
28.07.2015 00:00:00;433274;15.4985052993931;15.4985052993931
29.07.2015 00:00:00;433274;15.7437896645512;15.7437896645512
30.07.2015 00:00:00;433274;13.7139064359608;13.7139064359608
31.07.2015 00:00:00;433274;12.9576355571648;12.9576355571648
03.08.2015 00:00:00;433274;13.0017315228288;13.0017315228288
04.08.2015 00:00:00;433274;12.9032934951191;12.9032934951191
05.08.2015 00:00:00;433274;12.9798472439496;12.9798472439496
06.08.2015 00:00:00;433274;12.925135159901;12.925135159901
07.08.2015 00:00:00;433274;12.9466130359265;12.9466130359265
10.08.2015 00:00:00;433274;12.9773203388287;12.9773203388287
11.08.2015 00:00:00;433274;12.7351077313054;12.7351077313054
12.08.2015 00:00:00;433274;12.4013404825737;12.4013404825737
13.08.2015 00:00:00;433274;12.3668793242879;12.3668793242879
14.08.2015 00:00:00;433274;12.5311375089993;12.5311375089993
17.08.2015 00:00:00;433274;12.7607439508848;12.7607439508848
18.08.2015 00:00:00;433274;12.8535303181365;12.8535303181365
19.08.2015 00:00:00;433274;12.7247399366802;12.7247399366802
20.08.2015 00:00:00;433274;12.0296534476599;12.0296534476599
21.08.2015 00:00:00;433274;11.8307107496464;11.8307107496464
24.08.2015 00:00:00;433274;11.4889407292207;11.4889407292207
25.08.2015 00:00:00;433274;11.6104100946372;11.6104100946372
26.08.2015 00:00:00;433274;11.8300464545534;11.8300464545534
27.08.2015 00:00:00;433274;12.0420827389444;12.0420827389444
28.08.2015 00:00:00;433274;12.1850762235892;12.1850762235892
31.08.2015 00:00:00;433274;12.0093691442848;12.0093691442848
01.09.2015 00:00:00;433274;11.4335465529495;11.4335465529495
02.09.2015 00:00:00;433274;11.3848962507792;11.3848962507792
03.09.2015 00:00:00;433274;11.7632954750315;11.7632954750315
04.09.2015 00:00:00;433274;11.8864597390913;11.8864597390913
07.09.2015 00:00:00;433274;11.8630051070693;11.8630051070693
08.09.2015 00:00:00;433274;11.9267507378589;11.9267507378589
09.09.2015 00:00:00;433274;12.7719251097375;12.7719251097375
10.09.2015 00:00:00;433274;12.9245653143112;12.9245653143112
11.09.2015 00:00:00;433274;12.5130319148936;12.5130319148936
14.09.2015 00:00:00;433274;12.2632698272043;12.2632698272043
15.09.2015 00:00:00;433274;12.2257606670806;12.2257606670806
16.09.2015 00:00:00;433274;12.5228439879582;12.5228439879582
17.09.2015 00:00:00;433274;12.7006544039618;12.7006544039618
18.09.2015 00:00:00;433274;12.4096184279937;12.4096184279937
21.09.2015 00:00:00;433274;12.1082722887261;12.1082722887261
22.09.2015 00:00:00;433274;11.951499910185;11.951499910185
23.09.2015 00:00:00;433274;11.9322505384063;11.9322505384063
24.09.2015 00:00:00;433274;11.7001416932341;11.7001416932341
25.09.2015 00:00:00;433274;12.0204063367046;12.0204063367046
28.09.2015 00:00:00;433274;11.8259550160657;11.8259550160657
29.09.2015 00:00:00;433274;11.8281333571047;11.8281333571047
30.09.2015 00:00:00;433274;11.867263770712;11.867263770712
01.10.2015 00:00:00;433274;11.7071581578008;11.7071581578008
02.10.2015 00:00:00;433274;11.6260422210396;11.6260422210396
05.10.2015 00:00:00;433274;11.9097476143762;11.9097476143762
06.10.2015 00:00:00;433274;11.8072278458533;11.8072278458533
07.10.2015 00:00:00;433274;11.7510458388963;11.7510458388963
08.10.2015 00:00:00;433274;11.3795672224193;11.3795672224193
09.10.2015 00:00:00;433274;11.3736902350973;11.3736902350973
12.10.2015 00:00:00;433274;11.28151925444;11.28151925444
13.10.2015 00:00:00;433274;11.1237140596149;11.1237140596149
14.10.2015 00:00:00;433274;10.8962049667716;10.8962049667716
15.10.2015 00:00:00;433274;10.9032938076416;10.9032938076416
16.10.2015 00:00:00;433274;10.9861123318977;10.9861123318977
19.10.2015 00:00:00;433274;11.2528735632184;11.2528735632184
20.10.2015 00:00:00;433274;11.5228354787515;11.5228354787515
21.10.2015 00:00:00;433274;11.635226772347;11.635226772347
22.10.2015 00:00:00;433274;12.0503539109399;12.0503539109399
23.10.2015 00:00:00;433274;12.7352941176471;12.7352941176471
26.10.2015 00:00:00;433274;12.7476923076923;12.7476923076923
27.10.2015 00:00:00;433274;12.7810152927337;12.7810152927337
28.10.2015 00:00:00;433274;12.8862075198843;12.8862075198843
29.10.2015 00:00:00;433274;13.0518248175182;13.0518248175182
30.10.2015 00:00:00;433274;13.252804922186;13.252804922186
02.11.2015 00:00:00;433274;13.2301767104667;13.2301767104667
03.11.2015 00:00:00;433274;13.0874726077429;13.0874726077429
04.11.2015 00:00:00;433274;13.4096141449489;13.4096141449489
05.11.2015 00:00:00;433274;13.2971928209848;13.2971928209848
06.11.2015 00:00:00;433274;13.5037705986407;13.5037705986407
09.11.2015 00:00:00;433274;13.356039456542;13.356039456542
10.11.2015 00:00:00;433274;13.3256640478863;13.3256640478863
11.11.2015 00:00:00;433274;13.6163668561842;13.6163668561842
12.11.2015 00:00:00;433274;13.401599702381;13.401599702381
13.11.2015 00:00:00;433274;13.5087604846226;13.5087604846226
16.11.2015 00:00:00;433274;12.9144270250093;12.9144270250093
17.11.2015 00:00:00;433274;12.8771946296122;12.8771946296122
18.11.2015 00:00:00;433274;13.0147445529677;13.0147445529677
19.11.2015 00:00:00;433274;13.0445355445821;13.0445355445821
20.11.2015 00:00:00;433274;13.5834504732452;13.5834504732452
23.11.2015 00:00:00;433274;13.0848399246704;13.0848399246704
24.11.2015 00:00:00;433274;12.5511278195489;12.5511278195489
25.11.2015 00:00:00;433274;13.0199056603774;13.0199056603774
26.11.2015 00:00:00;433274;13.3904322440908;13.3904322440908
27.11.2015 00:00:00;433274;13.0105730199188;13.0105730199188
30.11.2015 00:00:00;433274;13.3702196137827;13.3702196137827
01.12.2015 00:00:00;433274;13.4670060331825;13.4670060331825
02.12.2015 00:00:00;433274;13.6939740800303;13.6939740800303
03.12.2015 00:00:00;433274;13.4006454587367;13.4006454587367
04.12.2015 00:00:00;433274;13.3576742904381;13.3576742904381
07.12.2015 00:00:00;433274;13.6297115473228;13.6297115473228
08.12.2015 00:00:00;433274;13.4709831693185;13.4709831693185
09.12.2015 00:00:00;433274;13.2240671471581;13.2240671471581
10.12.2015 00:00:00;433274;13.1066203365033;13.1066203365033
11.12.2015 00:00:00;433274;12.9152341973624;12.9152341973624
14.12.2015 00:00:00;433274;12.5944132051515;12.5944132051515
15.12.2015 00:00:00;433274;12.7642804833394;12.7642804833394
16.12.2015 00:00:00;433274;13.1030258707377;13.1030258707377
17.12.2015 00:00:00;433274;13.4944649446494;13.4944649446494
18.12.2015 00:00:00;433274;13.5684249354482;13.5684249354482
21.12.2015 00:00:00;433274;13.0783253939172;13.0783253939172
22.12.2015 00:00:00;433274;13.1475335096198;13.1475335096198
23.12.2015 00:00:00;433274;13.5347726228755;13.5347726228755
24.12.2015 00:00:00;433274;13.3392645314353;13.3392645314353
28.12.2015 00:00:00;433274;13.3432087511395;13.3432087511395
29.12.2015 00:00:00;433274;13.416590284143;13.416590284143
30.12.2015 00:00:00;433274;13.2125904884083;13.2125904884083
31.12.2015 00:00:00;433274;13.3347746090156;13.3347746090156
04.01.2016 00:00:00;433274;13.6324604423059;13.6324604423059
05.01.2016 00:00:00;433274;13.6867245078832;13.6867245078832
06.01.2016 00:00:00;433274;13.1287322109571;13.1287322109571
07.01.2016 00:00:00;433274;12.7673559822747;12.7673559822747
08.01.2016 00:00:00;433274;12.8705062362436;12.8705062362436
11.01.2016 00:00:00;433274;12.7840626439429;12.7840626439429
12.01.2016 00:00:00;433274;13.3538703122113;13.3538703122113
13.01.2016 00:00:00;433274;13.7072429045337;13.7072429045337
14.01.2016 00:00:00;433274;13.9184577068536;13.9184577068536
15.01.2016 00:00:00;433274;13.6025746370857;13.6025746370857
18.01.2016 00:00:00;433274;13.6507907318867;13.6507907318867
19.01.2016 00:00:00;433274;13.4363819833043;13.4363819833043
20.01.2016 00:00:00;433274;12.6452885585834;12.6452885585834
21.01.2016 00:00:00;433274;13.0394603086591;13.0394603086591
22.01.2016 00:00:00;433274;13.7388935069733;13.7388935069733
25.01.2016 00:00:00;433274;13.7764955686854;13.7764955686854
26.01.2016 00:00:00;433274;13.6872868074122;13.6872868074122
27.01.2016 00:00:00;433274;13.8551057957682;13.8551057957682
28.01.2016 00:00:00;433274;13.6839122486289;13.6839122486289
29.01.2016 00:00:00;433274;14.1541801385681;14.1541801385681
01.02.2016 00:00:00;433274;14.2228954374369;14.2228954374369
02.02.2016 00:00:00;433274;14.1265137614679;14.1265137614679
03.02.2016 00:00:00;433274;13.5181966322651;13.5181966322651
04.02.2016 00:00:00;433274;13.2877485222998;13.2877485222998
05.02.2016 00:00:00;433274;13.2652127086699;13.2652127086699
08.02.2016 00:00:00;433274;13.207376166547;13.207376166547
09.02.2016 00:00:00;433274;12.7090555359038;12.7090555359038
10.02.2016 00:00:00;433274;12.8435295168349;12.8435295168349
11.02.2016 00:00:00;433274;12.3000705218618;12.3000705218618
12.02.2016 00:00:00;433274;12.6123265741729;12.6123265741729
15.02.2016 00:00:00;433274;12.6680129240711;12.6680129240711
16.02.2016 00:00:00;433274;12.6242484070717;12.6242484070717
17.02.2016 00:00:00;433274;12.5877807726864;12.5877807726864
18.02.2016 00:00:00;433274;13.2394810343274;13.2394810343274
19.02.2016 00:00:00;433274;13.269674050063;13.269674050063
22.02.2016 00:00:00;433274;13.5777495693173;13.5777495693173
23.02.2016 00:00:00;433274;13.5242586378888;13.5242586378888
24.02.2016 00:00:00;433274;13.2383631249433;13.2383631249433
25.02.2016 00:00:00;433274;13.6294853207684;13.6294853207684
26.02.2016 00:00:00;433274;13.8642020497804;13.8642020497804
29.02.2016 00:00:00;433274;13.9814116131407;13.9814116131407
01.03.2016 00:00:00;433274;14.0608487526466;14.0608487526466
02.03.2016 00:00:00;433274;13.974695234577;13.974695234577
03.03.2016 00:00:00;433274;14.2164165446559;14.2164165446559
04.03.2016 00:00:00;433274;14.7703562340967;14.7703562340967
07.03.2016 00:00:00;433274;14.018481427531;14.018481427531
08.03.2016 00:00:00;433274;13.809299800977;13.809299800977
09.03.2016 00:00:00;433274;13.7090826521344;13.7090826521344
10.03.2016 00:00:00;433274;13.5625953513416;13.5625953513416
11.03.2016 00:00:00;433274;13.4654324300152;13.4654324300152
14.03.2016 00:00:00;433274;13.7575184584909;13.7575184584909
15.03.2016 00:00:00;433274;13.7928365730742;13.7928365730742
16.03.2016 00:00:00;433274;13.8487448076576;13.8487448076576
17.03.2016 00:00:00;433274;13.8712985061434;13.8712985061434
18.03.2016 00:00:00;433274;14.2939509343725;14.2939509343725
21.03.2016 00:00:00;433274;14.3476291955248;14.3476291955248
22.03.2016 00:00:00;433274;14.4038118988244;14.4038118988244
23.03.2016 00:00:00;433274;14.2879384395132;14.2879384395132
24.03.2016 00:00:00;433274;14.4663620890442;14.4663620890442
29.03.2016 00:00:00;433274;14.2445933869526;14.2445933869526
30.03.2016 00:00:00;433274;14.1589608102158;14.1589608102158
31.03.2016 00:00:00;433274;14.2301886792453;14.2301886792453
01.04.2016 00:00:00;433274;14.3816403841071;14.3816403841071
04.04.2016 00:00:00;433274;14.2239015817223;14.2239015817223
05.04.2016 00:00:00;433274;14.2356251098998;14.2356251098998
06.04.2016 00:00:00;433274;14.1525006592248;14.1525006592248
07.04.2016 00:00:00;433274;14.0389245233284;14.0389245233284
08.04.2016 00:00:00;433274;14.4665088549886;14.4665088549886
11.04.2016 00:00:00;433274;14.7877807883926;14.7877807883926
12.04.2016 00:00:00;433274;14.5393406593407;14.5393406593407
13.04.2016 00:00:00;433274;14.5836951705804;14.5836951705804
14.04.2016 00:00:00;433274;14.4885475852273;14.4885475852273
15.04.2016 00:00:00;433274;13.8283185840708;13.8283185840708
18.04.2016 00:00:00;433274;13.8109110169491;13.8109110169491
19.04.2016 00:00:00;433274;13.7813241888684;13.7813241888684
20.04.2016 00:00:00;433274;13.7767384398164;13.7767384398164
21.04.2016 00:00:00;433274;13.7937450163905;13.7937450163905
22.04.2016 00:00:00;433274;13.7577374599787;13.7577374599787
25.04.2016 00:00:00;433274;13.9050155348424;13.9050155348424
26.04.2016 00:00:00;433274;13.7261230986912;13.7261230986912
27.04.2016 00:00:00;433274;13.6539957567185;13.6539957567185
28.04.2016 00:00:00;433274;13.4727819017321;13.4727819017321
29.04.2016 00:00:00;433274;13.3098419352022;13.3098419352022
02.05.2016 00:00:00;433274;13.2021369006254;13.2021369006254
03.05.2016 00:00:00;433274;13.1210279562424;13.1210279562424
04.05.2016 00:00:00;433274;13.7485639686684;13.7485639686684
05.05.2016 00:00:00;433274;13.9983328946214;13.9983328946214
06.05.2016 00:00:00;433274;13.8695728291316;13.8695728291316
09.05.2016 00:00:00;433274;13.988769959642;13.988769959642
10.05.2016 00:00:00;433274;13.9679768380418;13.9679768380418
11.05.2016 00:00:00;433274;14.0469734079776;14.0469734079776
12.05.2016 00:00:00;433274;13.9427444103463;13.9427444103463
13.05.2016 00:00:00;433274;14.1631262170296;14.1631262170296
16.05.2016 00:00:00;433274;14.139894086496;14.139894086496
17.05.2016 00:00:00;433274;13.6646674898571;13.6646674898571
18.05.2016 00:00:00;433274;13.7210353692049;13.7210353692049
19.05.2016 00:00:00;433274;14.0473895582329;14.0473895582329
20.05.2016 00:00:00;433274;14.1559796664586;14.1559796664586
23.05.2016 00:00:00;433274;14.1961957492409;14.1961957492409
24.05.2016 00:00:00;433274;14.3424731182796;14.3424731182796
25.05.2016 00:00:00;433274;14.4129205921938;14.4129205921938
26.05.2016 00:00:00;433274;14.377167888432;14.377167888432
27.05.2016 00:00:00;433274;14.4852676967301;14.4852676967301
30.05.2016 00:00:00;433274;14.493222012748;14.493222012748
31.05.2016 00:00:00;433274;14.5939660590823;14.5939660590823
01.06.2016 00:00:00;433274;14.6372996687259;14.6372996687259
02.06.2016 00:00:00;433274;14.5980286738351;14.5980286738351
03.06.2016 00:00:00;433274;14.3693407466243;14.3693407466243
06.06.2016 00:00:00;433274;14.1172019357677;14.1172019357677
07.06.2016 00:00:00;433274;14.115388003171;14.115388003171
08.06.2016 00:00:00;433274;14.0954720954721;14.0954720954721
09.06.2016 00:00:00;433274;13.9639671465159;13.9639671465159
10.06.2016 00:00:00;433274;13.7352394441002;13.7352394441002
13.06.2016 00:00:00;433274;13.5213274336283;13.5213274336283
14.06.2016 00:00:00;433274;13.7128836545325;13.7128836545325
15.06.2016 00:00:00;433274;13.8346835217662;13.8346835217662
16.06.2016 00:00:00;433274;13.6514757333812;13.6514757333812
17.06.2016 00:00:00;433274;13.7605758976182;13.7605758976182
20.06.2016 00:00:00;433274;13.805891172061;13.805891172061
21.06.2016 00:00:00;433274;13.9398456215065;13.9398456215065
22.06.2016 00:00:00;433274;13.8575733404236;13.8575733404236
23.06.2016 00:00:00;433274;13.7440979563073;13.7440979563073
24.06.2016 00:00:00;433274;13.3841101313658;13.3841101313658
27.06.2016 00:00:00;433274;12.7643950437318;12.7643950437318
28.06.2016 00:00:00;433274;13.204288428481;13.204288428481
29.06.2016 00:00:00;433274;13.6120371204613;13.6120371204613
30.06.2016 00:00:00;433274;13.4941070625281;13.4941070625281
01.07.2016 00:00:00;433274;13.4124573072083;13.4124573072083
04.07.2016 00:00:00;433274;13.5911825446709;13.5911825446709
05.07.2016 00:00:00;433274;13.6138551506973;13.6138551506973
06.07.2016 00:00:00;433274;13.4249954816555;13.4249954816555
07.07.2016 00:00:00;433274;13.6458690744921;13.6458690744921
08.07.2016 00:00:00;433274;13.9506978430306;13.9506978430306
11.07.2016 00:00:00;433274;13.8198932030048;13.8198932030048
12.07.2016 00:00:00;433274;13.6937042724234;13.6937042724234
13.07.2016 00:00:00;433274;13.6560108059433;13.6560108059433
14.07.2016 00:00:00;433274;13.6163335134162;13.6163335134162
15.07.2016 00:00:00;433274;13.412774415033;13.412774415033
18.07.2016 00:00:00;433274;13.54215996385;13.54215996385
19.07.2016 00:00:00;433274;13.6406973576682;13.6406973576682
20.07.2016 00:00:00;433274;13.4587647593097;13.4587647593097
21.07.2016 00:00:00;433274;13.353641902337;13.353641902337
22.07.2016 00:00:00;433274;13.4863437727604;13.4863437727604
25.07.2016 00:00:00;433274;13.682306851312;13.682306851312
26.07.2016 00:00:00;433274;13.9332604934899;13.9332604934899
27.07.2016 00:00:00;433274;14.2270245677889;14.2270245677889
28.07.2016 00:00:00;433274;14.2337392873252;14.2337392873252
29.07.2016 00:00:00;433274;13.7339178670484;13.7339178670484
01.08.2016 00:00:00;433274;13.7127126230976;13.7127126230976
02.08.2016 00:00:00;433274;13.5094457315986;13.5094457315986
03.08.2016 00:00:00;433274;13.3572323666309;13.3572323666309
04.08.2016 00:00:00;433274;13.6057994433971;13.6057994433971
05.08.2016 00:00:00;433274;13.7378500451671;13.7378500451671
08.08.2016 00:00:00;433274;13.705914221219;13.705914221219
09.08.2016 00:00:00;433274;13.7470074700747;13.7470074700747
10.08.2016 00:00:00;433274;13.7779071850923;13.7779071850923
11.08.2016 00:00:00;433274;13.8657063612776;13.8657063612776
12.08.2016 00:00:00;433274;13.8742059586651;13.8742059586651
15.08.2016 00:00:00;433274;13.9433035714286;13.9433035714286
16.08.2016 00:00:00;433274;13.715833407335;13.715833407335
17.08.2016 00:00:00;433274;13.7271195459383;13.7271195459383
18.08.2016 00:00:00;433274;13.803743268297;13.803743268297
19.08.2016 00:00:00;433274;13.7906216884493;13.7906216884493
22.08.2016 00:00:00;433274;13.7941384180791;13.7941384180791
23.08.2016 00:00:00;433274;13.793057763646;13.793057763646
24.08.2016 00:00:00;433274;13.9556365576102;13.9556365576102
25.08.2016 00:00:00;433274;13.7349290780142;13.7349290780142
26.08.2016 00:00:00;433274;13.5073581560284;13.5073581560284
29.08.2016 00:00:00;433274;13.7334109429569;13.7334109429569
30.08.2016 00:00:00;433274;13.3397004752937;13.3397004752937
31.08.2016 00:00:00;433274;13.2052088010777;13.2052088010777
01.09.2016 00:00:00;433274;13.1186349830266;13.1186349830266
02.09.2016 00:00:00;433274;13.4391795055536;13.4391795055536
05.09.2016 00:00:00;433274;13.5247622465458;13.5247622465458
06.09.2016 00:00:00;433274;13.389872741835;13.389872741835
07.09.2016 00:00:00;433274;13.3573779240416;13.3573779240416
08.09.2016 00:00:00;433274;13.2922913155327;13.2922913155327
09.09.2016 00:00:00;433274;13.2635755684351;13.2635755684351
12.09.2016 00:00:00;433274;13.187577971841;13.187577971841
13.09.2016 00:00:00;433274;13.0307719672714;13.0307719672714
14.09.2016 00:00:00;433274;12.7948786343025;12.7948786343025
15.09.2016 00:00:00;433274;12.7590929301912;12.7590929301912
16.09.2016 00:00:00;433274;12.8206896551724;12.8206896551724
19.09.2016 00:00:00;433274;12.9580725907384;12.9580725907384
20.09.2016 00:00:00;433274;12.793733213966;12.793733213966
21.09.2016 00:00:00;433274;12.8599892299408;12.8599892299408
22.09.2016 00:00:00;433274;12.8290491861603;12.8290491861603
23.09.2016 00:00:00;433274;12.6649429386591;12.6649429386591
26.09.2016 00:00:00;433274;12.5761207279183;12.5761207279183
27.09.2016 00:00:00;433274;12.6694650352773;12.6694650352773
28.09.2016 00:00:00;433274;12.7906208128629;12.7906208128629
29.09.2016 00:00:00;433274;12.8142475512021;12.8142475512021
30.09.2016 00:00:00;433274;12.43314936799;12.43314936799
03.10.2016 00:00:00;433274;12.4361626248217;12.4361626248217
04.10.2016 00:00:00;433274;12.8213677511876;12.8213677511876
05.10.2016 00:00:00;433274;12.6121082239486;12.6121082239486
06.10.2016 00:00:00;433274;12.8098862720516;12.8098862720516
07.10.2016 00:00:00;433274;12.5411038554432;12.5411038554432
10.10.2016 00:00:00;433274;12.5028673835125;12.5028673835125
11.10.2016 00:00:00;433274;12.6096039066739;12.6096039066739
12.10.2016 00:00:00;433274;12.7257786252611;12.7257786252611
13.10.2016 00:00:00;433274;12.7125634517766;12.7125634517766
14.10.2016 00:00:00;433274;12.8312431842966;12.8312431842966
17.10.2016 00:00:00;433274;12.7155203784571;12.7155203784571
18.10.2016 00:00:00;433274;12.8174943052392;12.8174943052392
19.10.2016 00:00:00;433274;12.9182705463833;12.9182705463833
20.10.2016 00:00:00;433274;12.8315028372689;12.8315028372689
21.10.2016 00:00:00;433274;12.9914459161148;12.9914459161148
24.10.2016 00:00:00;433274;13.0611963612974;13.0611963612974
25.10.2016 00:00:00;433274;12.9162829250322;12.9162829250322
26.10.2016 00:00:00;433274;12.8136276215771;12.8136276215771
27.10.2016 00:00:00;433274;12.4913485306235;12.4913485306235
28.10.2016 00:00:00;433274;13.1603695910713;13.1603695910713
31.10.2016 00:00:00;433274;13.1347207009858;13.1347207009858
01.11.2016 00:00:00;433274;12.9580729874128;12.9580729874128
02.11.2016 00:00:00;433274;12.8900683699172;12.8900683699172
03.11.2016 00:00:00;433274;12.7711169205805;12.7711169205805
04.11.2016 00:00:00;433274;12.7666097275915;12.7666097275915
07.11.2016 00:00:00;433274;12.7059090085191;12.7059090085191
08.11.2016 00:00:00;433274;12.6898081100652;12.6898081100652
09.11.2016 00:00:00;433274;12.6615806304249;12.6615806304249
10.11.2016 00:00:00;433274;12.5884785005513;12.5884785005513
11.11.2016 00:00:00;433274;12.5179591084914;12.5179591084914
14.11.2016 00:00:00;433274;12.6844166744381;12.6844166744381
15.11.2016 00:00:00;433274;12.6495806150979;12.6495806150979
16.11.2016 00:00:00;433274;12.7159452876148;12.7159452876148
17.11.2016 00:00:00;433274;12.6928122950052;12.6928122950052
18.11.2016 00:00:00;433274;12.9305844524305;12.9305844524305
21.11.2016 00:00:00;433274;12.839593335216;12.839593335216
22.11.2016 00:00:00;433274;12.8706326723324;12.8706326723324
23.11.2016 00:00:00;433274;12.8151348271933;12.8151348271933
24.11.2016 00:00:00;433274;12.893316925407;12.893316925407
25.11.2016 00:00:00;433274;13.1763485477178;13.1763485477178
28.11.2016 00:00:00;433274;13.1653439153439;13.1653439153439
29.11.2016 00:00:00;433274;13.1271888533233;13.1271888533233
30.11.2016 00:00:00;433274;13.1445135746606;13.1445135746606
01.12.2016 00:00:00;433274;13.1118861344142;13.1118861344142
02.12.2016 00:00:00;433274;12.8395872420263;12.8395872420263
05.12.2016 00:00:00;433274;12.8226738765616;12.8226738765616
06.12.2016 00:00:00;433274;12.8414628464943;12.8414628464943
07.12.2016 00:00:00;433274;12.8403790764657;12.8403790764657
08.12.2016 00:00:00;433274;13.4875153114105;13.4875153114105
09.12.2016 00:00:00;433274;13.7910419434428;13.7910419434428
12.12.2016 00:00:00;433274;13.6122862392236;13.6122862392236
13.12.2016 00:00:00;433274;13.4220864661654;13.4220864661654
14.12.2016 00:00:00;433274;13.475783743195;13.475783743195
15.12.2016 00:00:00;433274;13.9310609697552;13.9310609697552
16.12.2016 00:00:00;433274;13.9600269049678;13.9600269049678
19.12.2016 00:00:00;433274;13.9238323353293;13.9238323353293
20.12.2016 00:00:00;433274;14.0375722543353;14.0375722543353
21.12.2016 00:00:00;433274;14.1737505390771;14.1737505390771
22.12.2016 00:00:00;433274;15.3083468782866;15.3083468782866
23.12.2016 00:00:00;433274;15.3462384093299;15.3462384093299
27.12.2016 00:00:00;433274;15.4521373242804;15.4521373242804
28.12.2016 00:00:00;433274;15.5443001443001;15.5443001443001
29.12.2016 00:00:00;433274;15.4879351454459;15.4879351454459
30.12.2016 00:00:00;433274;15.2709004739336;15.2709004739336
02.01.2017 00:00:00;433274;15.41986569;15.41986569
03.01.2017 00:00:00;433274;15.3791775016854;15.3791775016854
04.01.2017 00:00:00;433274;15.1562112097775;15.1562112097775
05.01.2017 00:00:00;433274;14.7967732804982;14.7967732804982
06.01.2017 00:00:00;433274;14.8721392093815;14.8721392093815
09.01.2017 00:00:00;433274;14.9700071073205;14.9700071073205
10.01.2017 00:00:00;433274;15.1362069779519;15.1362069779519
11.01.2017 00:00:00;433274;15.2221108406129;15.2221108406129
12.01.2017 00:00:00;433274;14.8109452736318;14.8109452736318
13.01.2017 00:00:00;433274;15.0095990965556;15.0095990965556
16.01.2017 00:00:00;433274;14.968776530516;14.968776530516
17.01.2017 00:00:00;433274;15.2165093016734;15.2165093016734
18.01.2017 00:00:00;433274;15.2074060220684;15.2074060220684
19.01.2017 00:00:00;433274;14.8855364887799;14.8855364887799
20.01.2017 00:00:00;433274;15.2487941933973;15.2487941933973
23.01.2017 00:00:00;433274;15.8641544545243;15.8641544545243
24.01.2017 00:00:00;433274;16.5054863306677;16.5054863306677
25.01.2017 00:00:00;433274;16.2740899357602;16.2740899357602
26.01.2017 00:00:00;433274;16.0959385393732;16.0959385393732
27.01.2017 00:00:00;433274;15.8993276055286;15.8993276055286
30.01.2017 00:00:00;433274;15.7747005988024;15.7747005988024
31.01.2017 00:00:00;433274;15.3500856124763;15.3500856124763
01.02.2017 00:00:00;433274;15.7836029001673;15.7836029001673
02.02.2017 00:00:00;433274;15.7010643220731;15.7010643220731
03.02.2017 00:00:00;433274;15.7528850164527;15.7528850164527
06.02.2017 00:00:00;433274;15.6414435389988;15.6414435389988
07.02.2017 00:00:00;433274;15.7690328014599;15.7690328014599
08.02.2017 00:00:00;433274;15.7029425502102;15.7029425502102
09.02.2017 00:00:00;433274;15.9362549800797;15.9362549800797
10.02.2017 00:00:00;433274;16.016378782887;16.016378782887
13.02.2017 00:00:00;433274;16.3130598774163;16.3130598774163
14.02.2017 00:00:00;433274;16.5814877910278;16.5814877910278
15.02.2017 00:00:00;433274;16.6430192962543;16.6430192962543
16.02.2017 00:00:00;433274;16.4612717304719;16.4612717304719
17.02.2017 00:00:00;433274;16.4165765087728;16.4165765087728
20.02.2017 00:00:00;433274;16.6227285566331;16.6227285566331
21.02.2017 00:00:00;433274;16.9118344879947;16.9118344879947
22.02.2017 00:00:00;433274;16.8081574579085;16.8081574579085
23.02.2017 00:00:00;433274;16.4259416595865;16.4259416595865
24.02.2017 00:00:00;433274;16.4679723720314;16.4679723720314
27.02.2017 00:00:00;433274;16.2872896931995;16.2872896931995
28.02.2017 00:00:00;433274;16.6603915662651;16.6603915662651
01.03.2017 00:00:00;433274;16.7092924126172;16.7092924126172
02.03.2017 00:00:00;433274;16.6096541239073;16.6096541239073
03.03.2017 00:00:00;433274;16.3818810053486;16.3818810053486
06.03.2017 00:00:00;433274;16.3238346857898;16.3238346857898
07.03.2017 00:00:00;433274;16.3964645271069;16.3964645271069
08.03.2017 00:00:00;433274;16.3374544076548;16.3374544076548
09.03.2017 00:00:00;433274;16.3224800340249;16.3224800340249
10.03.2017 00:00:00;433274;16.1992308413845;16.1992308413845
13.03.2017 00:00:00;433274;16.0972866582314;16.0972866582314
14.03.2017 00:00:00;433274;16.192981631982;16.192981631982
15.03.2017 00:00:00;433274;16.3555137549965;16.3555137549965
16.03.2017 00:00:00;433274;16.3282414307004;16.3282414307004
17.03.2017 00:00:00;433274;16.6441640672285;16.6441640672285
20.03.2017 00:00:00;433274;16.4124976752836;16.4124976752836
21.03.2017 00:00:00;433274;16.4692820133235;16.4692820133235
22.03.2017 00:00:00;433274;16.5509580672036;16.5509580672036
23.03.2017 00:00:00;433274;16.8327847573131;16.8327847573131
24.03.2017 00:00:00;433274;17.0075897815624;17.0075897815624
27.03.2017 00:00:00;433274;16.7210253112224;16.7210253112224
28.03.2017 00:00:00;433274;16.7632716901279;16.7632716901279
29.03.2017 00:00:00;433274;16.7193749418659;16.7193749418659
30.03.2017 00:00:00;433274;17.0486305198435;17.0486305198435
31.03.2017 00:00:00;433274;17.2270282908581;17.2270282908581
03.04.2017 00:00:00;433274;17.4033408408408;17.4033408408408
04.04.2017 00:00:00;433274;17.2983114446529;17.2983114446529
05.04.2017 00:00:00;433274;17.3505275498242;17.3505275498242
06.04.2017 00:00:00;433274;17.3109401388628;17.3109401388628
07.04.2017 00:00:00;433274;17.334589121733;17.334589121733
10.04.2017 00:00:00;433274;17.4520069808028;17.4520069808028
11.04.2017 00:00:00;433274;17.2116877617278;17.2116877617278
12.04.2017 00:00:00;433274;17.2285525944063;17.2285525944063
13.04.2017 00:00:00;433274;17.0846468733826;17.0846468733826
18.04.2017 00:00:00;433274;16.52177977192;16.52177977192
19.04.2017 00:00:00;433274;16.8812989921613;16.8812989921613
20.04.2017 00:00:00;433274;16.7053687534832;16.7053687534832
21.04.2017 00:00:00;433274;16.3657623947615;16.3657623947615
24.04.2017 00:00:00;433274;17.378694411196;17.378694411196
25.04.2017 00:00:00;433274;17.2074504599332;17.2074504599332
26.04.2017 00:00:00;433274;17.4786285504182;17.4786285504182
27.04.2017 00:00:00;433274;17.8982239808595;17.8982239808595
28.04.2017 00:00:00;433274;17.4480003673263;17.4480003673263
02.05.2017 00:00:00;433274;17.8866263070996;17.8866263070996
03.05.2017 00:00:00;433274;17.8784266984505;17.8784266984505
04.05.2017 00:00:00;433274;17.8902645164238;17.8902645164238
05.05.2017 00:00:00;433274;17.8156996587031;17.8156996587031
08.05.2017 00:00:00;433274;18.0400585330163;18.0400585330163
09.05.2017 00:00:00;433274;18.029927476361;18.029927476361
10.05.2017 00:00:00;433274;18.1822363276758;18.1822363276758
11.05.2017 00:00:00;433274;18.2186234817814;18.2186234817814
12.05.2017 00:00:00;433274;18.515975464616;18.515975464616
15.05.2017 00:00:00;433274;18.4977680604901;18.4977680604901
16.05.2017 00:00:00;433274;18.2351348912749;18.2351348912749
17.05.2017 00:00:00;433274;17.9310035440312;17.9310035440312
18.05.2017 00:00:00;433274;17.5280898876404;17.5280898876404
19.05.2017 00:00:00;433274;17.9203144541719;17.9203144541719
22.05.2017 00:00:00;433274;17.6698079658606;17.6698079658606
23.05.2017 00:00:00;433274;17.6863478493187;17.6863478493187
24.05.2017 00:00:00;433274;17.9184549356223;17.9184549356223
25.05.2017 00:00:00;433274;17.7504236910178;17.7504236910178
26.05.2017 00:00:00;433274;17.8111587982833;17.8111587982833
29.05.2017 00:00:00;433274;17.5675675675676;17.5675675675676
30.05.2017 00:00:00;433274;17.3876090360098;17.3876090360098
31.05.2017 00:00:00;433274;17.6473204358461;17.6473204358461
01.06.2017 00:00:00;433274;17.6955282380189;17.6955282380189
02.06.2017 00:00:00;433274;17.7370708773175;17.7370708773175
05.06.2017 00:00:00;433274;17.6546391752577;17.6546391752577
06.06.2017 00:00:00;433274;17.8958111466099;17.8958111466099
07.06.2017 00:00:00;433274;17.8460445707183;17.8460445707183
08.06.2017 00:00:00;433274;18.4868333110547;18.4868333110547
09.06.2017 00:00:00;433274;17.7940716233737;17.7940716233737
12.06.2017 00:00:00;433274;17.5593643992144;17.5593643992144
13.06.2017 00:00:00;433274;17.3893647394718;17.3893647394718
14.06.2017 00:00:00;433274;16.8447182942506;16.8447182942506
15.06.2017 00:00:00;433274;16.9634447185468;16.9634447185468
16.06.2017 00:00:00;433274;17.0663094440723;17.0663094440723
19.06.2017 00:00:00;433274;17.025562967274;17.025562967274
20.06.2017 00:00:00;433274;17.0717462599398;17.0717462599398
21.06.2017 00:00:00;433274;16.9239052404882;16.9239052404882
22.06.2017 00:00:00;433274;16.9004616143056;16.9004616143056
23.06.2017 00:00:00;433274;16.8072853890451;16.8072853890451
26.06.2017 00:00:00;433274;17.1173583221776;17.1173583221776
27.06.2017 00:00:00;433274;16.839447102605;16.839447102605
28.06.2017 00:00:00;433274;16.7040605340724;16.7040605340724
29.06.2017 00:00:00;433274;17.2246291190758;17.2246291190758
30.06.2017 00:00:00;433274;17.5918617907568;17.5918617907568
03.07.2017 00:00:00;433274;17.7275326617692;17.7275326617692
04.07.2017 00:00:00;433274;17.4250099105845;17.4250099105845
05.07.2017 00:00:00;433274;17.4837827103835;17.4837827103835
06.07.2017 00:00:00;433274;17.4486932117172;17.4486932117172
07.07.2017 00:00:00;433274;17.3222124670764;17.3222124670764
10.07.2017 00:00:00;433274;17.4079114896606;17.4079114896606
11.07.2017 00:00:00;433274;17.1263462043604;17.1263462043604
12.07.2017 00:00:00;433274;17.8250777383611;17.8250777383611
13.07.2017 00:00:00;433274;17.8845395169421;17.8845395169421
14.07.2017 00:00:00;433274;17.7310850952298;17.7310850952298
17.07.2017 00:00:00;433274;17.9242404428752;17.9242404428752
18.07.2017 00:00:00;433274;17.66331332844;17.66331332844
19.07.2017 00:00:00;433274;17.9481613337386;17.9481613337386
20.07.2017 00:00:00;433274;17.8121641951429;17.8121641951429
21.07.2017 00:00:00;433274;17.8052232085424;17.8052232085424
24.07.2017 00:00:00;433274;17.4732683471465;17.4732683471465
25.07.2017 00:00:00;433274;17.5527353798662;17.5527353798662
26.07.2017 00:00:00;433274;17.6389665104682;17.6389665104682
27.07.2017 00:00:00;433274;17.8517851785178;17.8517851785178
28.07.2017 00:00:00;433274;17.4009279359809;17.4009279359809
31.07.2017 00:00:00;433274;17.336896580979;17.336896580979
01.08.2017 00:00:00;433274;17.6463115101211;17.6463115101211
02.08.2017 00:00:00;433274;17.5264689754081;17.5264689754081
03.08.2017 00:00:00;433274;17.3821548821549;17.3821548821549
04.08.2017 00:00:00;433274;17.748659916617;17.748659916617
07.08.2017 00:00:00;433274;17.528613819415;17.528613819415
08.08.2017 00:00:00;433274;17.609473504856;17.609473504856
09.08.2017 00:00:00;433274;17.6425499297364;17.6425499297364
10.08.2017 00:00:00;433274;17.3617021276596;17.3617021276596
11.08.2017 00:00:00;433274;17.130984183522;17.130984183522
14.08.2017 00:00:00;433274;17.1737746658179;17.1737746658179
15.08.2017 00:00:00;433274;17.1794324727971;17.1794324727971
16.08.2017 00:00:00;433274;17.3307708733718;17.3307708733718
17.08.2017 00:00:00;433274;17.1847057821681;17.1847057821681
18.08.2017 00:00:00;433274;17.1085670511129;17.1085670511129
21.08.2017 00:00:00;433274;16.6723087339201;16.6723087339201
22.08.2017 00:00:00;433274;16.9967698061884;16.9967698061884
23.08.2017 00:00:00;433274;16.7463912288871;16.7463912288871
24.08.2017 00:00:00;433274;16.6744333827579;16.6744333827579
25.08.2017 00:00:00;433274;16.4419917431966;16.4419917431966
28.08.2017 00:00:00;433274;16.5104994562035;16.5104994562035
29.08.2017 00:00:00;433274;16.2986067789561;16.2986067789561
30.08.2017 00:00:00;433274;16.636588743862;16.636588743862
31.08.2017 00:00:00;433274;16.5285431828699;16.5285431828699
01.09.2017 00:00:00;433274;16.8883090648935;16.8883090648935
04.09.2017 00:00:00;433274;17.1536523929471;17.1536523929471
05.09.2017 00:00:00;433274;17.2775308227795;17.2775308227795
06.09.2017 00:00:00;433274;17.1232302923683;17.1232302923683
07.09.2017 00:00:00;433274;16.6701370091201;16.6701370091201
08.09.2017 00:00:00;433274;16.522462562396;16.522462562396
11.09.2017 00:00:00;433274;16.9809746328438;16.9809746328438
12.09.2017 00:00:00;433274;17.4522186441387;17.4522186441387
13.09.2017 00:00:00;433274;17.472306143001;17.472306143001
14.09.2017 00:00:00;433274;18.1301326595073;18.1301326595073
15.09.2017 00:00:00;433274;17.9105725031341;17.9105725031341
18.09.2017 00:00:00;433274;18.259014473354;18.259014473354
19.09.2017 00:00:00;433274;18.2478400601027;18.2478400601027
20.09.2017 00:00:00;433274;18.0351783927976;18.0351783927976
21.09.2017 00:00:00;433274;18.4770295783512;18.4770295783512
22.09.2017 00:00:00;433274;18.7092731829574;18.7092731829574
25.09.2017 00:00:00;433274;19.0438079191238;19.0438079191238
26.09.2017 00:00:00;433274;18.7914329423763;18.7914329423763
27.09.2017 00:00:00;433274;18.9611828369338;18.9611828369338
28.09.2017 00:00:00;433274;18.9419650432717;18.9419650432717
29.09.2017 00:00:00;433274;19.1642346571924;19.1642346571924
02.10.2017 00:00:00;433274;19.3806704434127;19.3806704434127
03.10.2017 00:00:00;433274;18.8677640253498;18.8677640253498
04.10.2017 00:00:00;433274;19.023934022021;19.023934022021
05.10.2017 00:00:00;433274;19.2036871079247;19.2036871079247
06.10.2017 00:00:00;433274;19.0328078397955;19.0328078397955
09.10.2017 00:00:00;433274;19.2723864701372;19.2723864701372
10.10.2017 00:00:00;433274;19.2696652985232;19.2696652985232
11.10.2017 00:00:00;433274;19.2265473275352;19.2265473275352
12.10.2017 00:00:00;433274;19.447140746993;19.447140746993
13.10.2017 00:00:00;433274;19.580094626563;19.580094626563
16.10.2017 00:00:00;433274;19.5990336116645;19.5990336116645
17.10.2017 00:00:00;433274;19.5438491979065;19.5438491979065
18.10.2017 00:00:00;433274;19.4352441613588;19.4352441613588
19.10.2017 00:00:00;433274;19.0229084925959;19.0229084925959
20.10.2017 00:00:00;433274;19.2663273960984;19.2663273960984
23.10.2017 00:00:00;433274;19.5061728395062;19.5061728395062
24.10.2017 00:00:00;433274;19.171909539194;19.171909539194
25.10.2017 00:00:00;433274;18.8026588763284;18.8026588763284
26.10.2017 00:00:00;433274;19.101939673588;19.101939673588
27.10.2017 00:00:00;433274;19.2988515672222;19.2988515672222
30.10.2017 00:00:00;433274;19.0773067331671;19.0773067331671
31.10.2017 00:00:00;433274;19.2223509720613;19.2223509720613
01.11.2017 00:00:00;433274;19.2812567247687;19.2812567247687
02.11.2017 00:00:00;433274;19.4569360572187;19.4569360572187
03.11.2017 00:00:00;433274;19.8535745047373;19.8535745047373
06.11.2017 00:00:00;433274;19.8230852211435;19.8230852211435
07.11.2017 00:00:00;433274;19.695071912927;19.695071912927
08.11.2017 00:00:00;433274;19.6376186367558;19.6376186367558
09.11.2017 00:00:00;433274;19.2360633172746;19.2360633172746
10.11.2017 00:00:00;433274;19.1100823045267;19.1100823045267
13.11.2017 00:00:00;433274;18.8887936208523;18.8887936208523
14.11.2017 00:00:00;433274;18.7154402381965;18.7154402381965
15.11.2017 00:00:00;433274;18.7359681450417;18.7359681450417
16.11.2017 00:00:00;433274;18.7853047356127;18.7853047356127
17.11.2017 00:00:00;433274;18.5579697844169;18.5579697844169
20.11.2017 00:00:00;433274;18.8133140376266;18.8133140376266
21.11.2017 00:00:00;433274;18.7097599454228;18.7097599454228
22.11.2017 00:00:00;433274;18.605243064393;18.605243064393
23.11.2017 00:00:00;433274;18.6004305069008;18.6004305069008
24.11.2017 00:00:00;433274;18.3642686554657;18.3642686554657
27.11.2017 00:00:00;433274;18.6204581690023;18.6204581690023
28.11.2017 00:00:00;433274;18.8827098078868;18.8827098078868
29.11.2017 00:00:00;433274;18.8691983122363;18.8691983122363
30.11.2017 00:00:00;433274;18.3884904156705;18.3884904156705
01.12.2017 00:00:00;433274;18.4228272780915;18.4228272780915
04.12.2017 00:00:00;433274;18.6336976243723;18.6336976243723
05.12.2017 00:00:00;433274;18.8276561575522;18.8276561575522
06.12.2017 00:00:00;433274;18.8395962337772;18.8395962337772
07.12.2017 00:00:00;433274;18.4813024675655;18.4813024675655
08.12.2017 00:00:00;433274;18.5457794417971;18.5457794417971
11.12.2017 00:00:00;433274;18.4434742062651;18.4434742062651
12.12.2017 00:00:00;433274;18.4752483690786;18.4752483690786
13.12.2017 00:00:00;433274;18.43582546568;18.43582546568
14.12.2017 00:00:00;433274;18.3736730360934;18.3736730360934
15.12.2017 00:00:00;433274;18.7462813429664;18.7462813429664
18.12.2017 00:00:00;433274;19.1755893182107;19.1755893182107
19.12.2017 00:00:00;433274;19.0951796521224;19.0951796521224
20.12.2017 00:00:00;433274;19.1299591905423;19.1299591905423
21.12.2017 00:00:00;433274;18.9913982121774;18.9913982121774
22.12.2017 00:00:00;433274;19.0788083667864;19.0788083667864
27.12.2017 00:00:00;433274;19.1266705892242;19.1266705892242
28.12.2017 00:00:00;433274;19.1363712514659;19.1363712514659
29.12.2017 00:00:00;433274;19.1703802423889;19.1703802423889
02.01.2018 00:00:00;433274;19.1488478306;19.1488478306
03.01.2018 00:00:00;433274;19.1315920811845;19.1315920811845
04.01.2018 00:00:00;433274;19.3756727664155;19.3756727664155
05.01.2018 00:00:00;433274;19.6119167324552;19.6119167324552
08.01.2018 00:00:00;433274;19.7110164536875;19.7110164536875
09.01.2018 00:00:00;433274;19.7979967310674;19.7979967310674
10.01.2018 00:00:00;433274;19.3774513894684;19.3774513894684
11.01.2018 00:00:00;433274;19.1377235569941;19.1377235569941
12.01.2018 00:00:00;433274;18.9504013171434;18.9504013171434
15.01.2018 00:00:00;433274;18.7245147610504;18.7245147610504
16.01.2018 00:00:00;433274;18.8062142273099;18.8062142273099
17.01.2018 00:00:00;433274;18.9184773729783;18.9184773729783
18.01.2018 00:00:00;433274;18.9200228739482;18.9200228739482
19.01.2018 00:00:00;433274;19.2930780559646;19.2930780559646
22.01.2018 00:00:00;433274;19.2776984288921;19.2776984288921
23.01.2018 00:00:00;433274;19.3094473138395;19.3094473138395
24.01.2018 00:00:00;433274;19.0091654217305;19.0091654217305
25.01.2018 00:00:00;433274;18.7002599480104;18.7002599480104
26.01.2018 00:00:00;433274;18.8055499698371;18.8055499698371
29.01.2018 00:00:00;433274;18.7578393688044;18.7578393688044
30.01.2018 00:00:00;433274;18.3246706152544;18.3246706152544
31.01.2018 00:00:00;433274;18.0592342884662;18.0592342884662
01.02.2018 00:00:00;433274;17.6423416198877;17.6423416198877
02.02.2018 00:00:00;433274;17.1472232275707;17.1472232275707
05.02.2018 00:00:00;433274;16.8431222575581;16.8431222575581
06.02.2018 00:00:00;433274;16.7227060968199;16.7227060968199
07.02.2018 00:00:00;433274;16.8409063173738;16.8409063173738
08.02.2018 00:00:00;433274;16.6129492880747;16.6129492880747
09.02.2018 00:00:00;433274;16.5503733627127;16.5503733627127
12.02.2018 00:00:00;433274;16.4202810018326;16.4202810018326
13.02.2018 00:00:00;433274;16.8022338229938;16.8022338229938
14.02.2018 00:00:00;433274;16.9825014111765;16.9825014111765
15.02.2018 00:00:00;433274;17.0004806921968;17.0004806921968
16.02.2018 00:00:00;433274;17.3032895529582;17.3032895529582
19.02.2018 00:00:00;433274;17.4888073246481;17.4888073246481
20.02.2018 00:00:00;433274;17.599870350863;17.599870350863
21.02.2018 00:00:00;433274;17.6800064940336;17.6800064940336
22.02.2018 00:00:00;433274;17.6453877683536;17.6453877683536
23.02.2018 00:00:00;433274;17.5341574495771;17.5341574495771
26.02.2018 00:00:00;433274;17.4840258841724;17.4840258841724
27.02.2018 00:00:00;433274;17.4581119738455;17.4581119738455
28.02.2018 00:00:00;433274;17.2808132147395;17.2808132147395
01.03.2018 00:00:00;433274;17.0121926187446;17.0121926187446
02.03.2018 00:00:00;433274;16.9435081021809;16.9435081021809
05.03.2018 00:00:00;433274;16.9404892296459;16.9404892296459
06.03.2018 00:00:00;433274;17.0370669140483;17.0370669140483
07.03.2018 00:00:00;433274;16.6895106022736;16.6895106022736
08.03.2018 00:00:00;433274;16.9498398280686;16.9498398280686
09.03.2018 00:00:00;433274;17.2564935064935;17.2564935064935
12.03.2018 00:00:00;433274;17.2571938796217;17.2571938796217
13.03.2018 00:00:00;433274;16.8111967087484;16.8111967087484
14.03.2018 00:00:00;433274;16.7988347629066;16.7988347629066
15.03.2018 00:00:00;433274;16.9770744572936;16.9770744572936
16.03.2018 00:00:00;433274;16.7752442996743;16.7752442996743
19.03.2018 00:00:00;433274;16.8214445030212;16.8214445030212
20.03.2018 00:00:00;433274;16.9131125504094;16.9131125504094
21.03.2018 00:00:00;433274;16.6265944007498;16.6265944007498
22.03.2018 00:00:00;433274;16.3152549258582;16.3152549258582
23.03.2018 00:00:00;433274;16.0941861876441;16.0941861876441
26.03.2018 00:00:00;433274;15.783974925661;15.783974925661
27.03.2018 00:00:00;433274;16.0264686894771;16.0264686894771
28.03.2018 00:00:00;433274;16.2267206477733;16.2267206477733
29.03.2018 00:00:00;433274;16.3401349483782;16.3401349483782
03.04.2018 00:00:00;433274;16.1737146581928;16.1737146581928
04.04.2018 00:00:00;433274;15.7943963238583;15.7943963238583
05.04.2018 00:00:00;433274;16.1848292782662;16.1848292782662
06.04.2018 00:00:00;433274;16.066549769604;16.066549769604
09.04.2018 00:00:00;433274;15.9831072849834;15.9831072849834
10.04.2018 00:00:00;433274;15.9277703550751;15.9277703550751
11.04.2018 00:00:00;433274;15.6424129855447;15.6424129855447
12.04.2018 00:00:00;433274;15.3458915232218;15.3458915232218
13.04.2018 00:00:00;433274;15.3078607933804;15.3078607933804
16.04.2018 00:00:00;433274;15.2378642738774;15.2378642738774
17.04.2018 00:00:00;433274;15.1316322397732;15.1316322397732
18.04.2018 00:00:00;433274;15.2379413428133;15.2379413428133
19.04.2018 00:00:00;433274;15.5264434740417;15.5264434740417
20.04.2018 00:00:00;433274;16.5370046026638;16.5370046026638
23.04.2018 00:00:00;433274;16.5569143932267;16.5569143932267
24.04.2018 00:00:00;433274;16.486574983628;16.486574983628
25.04.2018 00:00:00;433274;16.2504107788367;16.2504107788367
26.04.2018 00:00:00;433274;16.4939943038758;16.4939943038758
27.04.2018 00:00:00;433274;16.4283943475746;16.4283943475746
30.04.2018 00:00:00;433274;16.4066056868507;16.4066056868507
02.05.2018 00:00:00;433274;16.660393927989;16.660393927989
03.05.2018 00:00:00;433274;17.183970551326;17.183970551326
04.05.2018 00:00:00;433274;17.3329980722488;17.3329980722488
07.05.2018 00:00:00;433274;17.5577003776752;17.5577003776752
08.05.2018 00:00:00;433274;17.6282051282051;17.6282051282051
09.05.2018 00:00:00;433274;17.3737032976301;17.3737032976301
10.05.2018 00:00:00;433274;17.3415270645677;17.3415270645677
11.05.2018 00:00:00;433274;17.282089927154;17.282089927154
14.05.2018 00:00:00;433274;17.0297393731251;17.0297393731251
15.05.2018 00:00:00;433274;16.5230732916322;16.5230732916322
16.05.2018 00:00:00;433274;16.3293351203705;16.3293351203705
17.05.2018 00:00:00;433274;16.2645749417002;16.2645749417002
18.05.2018 00:00:00;433274;16.2524956458944;16.2524956458944
21.05.2018 00:00:00;433274;16.4943189071875;16.4943189071875
22.05.2018 00:00:00;433274;16.7084306646846;16.7084306646846
23.05.2018 00:00:00;433274;16.5249711624728;16.5249711624728
24.05.2018 00:00:00;433274;16.4974835792886;16.4974835792886
25.05.2018 00:00:00;433274;16.9111969111969;16.9111969111969
28.05.2018 00:00:00;433274;16.7118454455488;16.7118454455488
29.05.2018 00:00:00;433274;16.3777076397596;16.3777076397596
30.05.2018 00:00:00;433274;16.0079221562043;16.0079221562043
31.05.2018 00:00:00;433274;15.822161305521;15.822161305521
01.06.2018 00:00:00;433274;15.957811696107;15.957811696107
04.06.2018 00:00:00;433274;16.1186882722647;16.1186882722647
05.06.2018 00:00:00;433274;16.0267398011656;16.0267398011656
06.06.2018 00:00:00;433274;16.2061208030901;16.2061208030901
07.06.2018 00:00:00;433274;16.0064262461421;16.0064262461421
08.06.2018 00:00:00;433274;15.9986398605857;15.9986398605857
11.06.2018 00:00:00;433274;16.0277860138083;16.0277860138083
12.06.2018 00:00:00;433274;16.6306054049468;16.6306054049468
13.06.2018 00:00:00;433274;16.6914419197282;16.6914419197282
14.06.2018 00:00:00;433274;17.0901287553648;17.0901287553648
15.06.2018 00:00:00;433274;17.0604691198623;17.0604691198623
18.06.2018 00:00:00;433274;16.9917753950825;16.9917753950825
19.06.2018 00:00:00;433274;17.011005;17.011005
20.06.2018 00:00:00;433274;16.8487413100738;16.8487413100738
21.06.2018 00:00:00;433274;17.0047809794547;17.0047809794547
22.06.2018 00:00:00;433274;17.1701112877583;17.1701112877583
25.06.2018 00:00:00;433274;17.2372475179733;17.2372475179733
26.06.2018 00:00:00;433274;16.7852550364338;16.7852550364338
27.06.2018 00:00:00;433274;17.0036645828842;17.0036645828842
28.06.2018 00:00:00;433274;16.7192020380845;16.7192020380845
29.06.2018 00:00:00;433274;16.8229902779562;16.8229902779562
02.07.2018 00:00:00;433274;16.7362935526939;16.7362935526939
03.07.2018 00:00:00;433274;16.6781115879828;16.6781115879828
04.07.2018 00:00:00;433274;16.4297676815391;16.4297676815391
05.07.2018 00:00:00;433274;16.243004229504;16.243004229504
06.07.2018 00:00:00;433274;16.2959812885392;16.2959812885392
09.07.2018 00:00:00;433274;16.2959812885392;16.2959812885392
10.07.2018 00:00:00;433274;16.5273037542662;16.5273037542662
11.07.2018 00:00:00;433274;16.5258936950772;16.5258936950772
12.07.2018 00:00:00;433274;16.8806711179593;16.8806711179593
13.07.2018 00:00:00;433274;16.8088115544508;16.8088115544508
16.07.2018 00:00:00;433274;16.7157804825966;16.7157804825966
17.07.2018 00:00:00;433274;16.2622501818804;16.2622501818804
18.07.2018 00:00:00;433274;16.1563238136139;16.1563238136139
19.07.2018 00:00:00;433274;15.898032123326;15.898032123326
20.07.2018 00:00:00;433274;15.8957932948964;15.8957932948964
23.07.2018 00:00:00;433274;15.9084112948011;15.9084112948011
24.07.2018 00:00:00;433274;15.7020204177523;15.7020204177523
25.07.2018 00:00:00;433274;15.3997687465205;15.3997687465205
26.07.2018 00:00:00;433274;17.3786241207754;17.3786241207754
27.07.2018 00:00:00;433274;16.9069687607278;16.9069687607278
30.07.2018 00:00:00;433274;17.0267270087952;17.0267270087952
31.07.2018 00:00:00;433274;16.8012647951117;16.8012647951117
01.08.2018 00:00:00;433274;16.8515742128936;16.8515742128936
02.08.2018 00:00:00;433274;17.1827225356358;17.1827225356358
03.08.2018 00:00:00;433274;16.9614355965836;16.9614355965836
06.08.2018 00:00:00;433274;17.2103487064117;17.2103487064117
07.08.2018 00:00:00;433274;17.1418711987232;17.1418711987232
08.08.2018 00:00:00;433274;17.1945701357466;17.1945701357466
09.08.2018 00:00:00;433274;17.2564268740549;17.2564268740549
10.08.2018 00:00:00;433274;17.4510146955913;17.4510146955913
13.08.2018 00:00:00;433274;17.2907633688083;17.2907633688083
14.08.2018 00:00:00;433274;17.152402303398;17.152402303398
15.08.2018 00:00:00;433274;16.9046461252818;16.9046461252818
16.08.2018 00:00:00;433274;16.8920105355575;16.8920105355575
17.08.2018 00:00:00;433274;16.819317235637;16.819317235637
20.08.2018 00:00:00;433274;17.0653837743276;17.0653837743276
21.08.2018 00:00:00;433274;16.8605660704984;16.8605660704984
22.08.2018 00:00:00;433274;16.9001940073292;16.9001940073292
23.08.2018 00:00:00;433274;17.0641092102989;17.0641092102989
24.08.2018 00:00:00;433274;16.8336845727066;16.8336845727066
27.08.2018 00:00:00;433274;17.0615707613865;17.0615707613865
28.08.2018 00:00:00;433274;16.7769477054429;16.7769477054429
29.08.2018 00:00:00;433274;16.9866997391267;16.9866997391267
30.08.2018 00:00:00;433274;17.0519363554488;17.0519363554488
31.08.2018 00:00:00;433274;17.1443303398788;17.1443303398788
03.09.2018 00:00:00;433274;16.9369059395295;16.9369059395295
04.09.2018 00:00:00;433274;17.1324738253872;17.1324738253872
05.09.2018 00:00:00;433274;17.0831362091953;17.0831362091953
06.09.2018 00:00:00;433274;17.0755811455335;17.0755811455335
07.09.2018 00:00:00;433274;17.2614680878609;17.2614680878609
10.09.2018 00:00:00;433274;17.23395088324;17.23395088324
11.09.2018 00:00:00;433274;17.2543265288507;17.2543265288507
12.09.2018 00:00:00;433274;17.2394511591896;17.2394511591896
13.09.2018 00:00:00;433274;17.1235223573754;17.1235223573754
14.09.2018 00:00:00;433274;17.2616241697022;17.2616241697022
17.09.2018 00:00:00;433274;17.0167258416392;17.0167258416392
18.09.2018 00:00:00;433274;17.094747638788;17.094747638788
19.09.2018 00:00:00;433274;17.1386948883842;17.1386948883842
20.09.2018 00:00:00;433274;16.6730499170177;16.6730499170177
21.09.2018 00:00:00;433274;17.2242295430393;17.2242295430393
24.09.2018 00:00:00;433274;17.1692751410273;17.1692751410273
25.09.2018 00:00:00;433274;17.0068315865405;17.0068315865405
26.09.2018 00:00:00;433274;17.0064263523003;17.0064263523003
27.09.2018 00:00:00;433274;17.1567997945293;17.1567997945293
28.09.2018 00:00:00;433274;17.4631878067683;17.4631878067683
01.10.2018 00:00:00;433274;17.4025637705555;17.4025637705555
02.10.2018 00:00:00;433274;17.1260438752109;17.1260438752109
03.10.2018 00:00:00;433274;17.1324580787729;17.1324580787729
04.10.2018 00:00:00;433274;16.7946881916417;16.7946881916417
05.10.2018 00:00:00;433274;16.3952933003343;16.3952933003343
08.10.2018 00:00:00;433274;15.968620614513;15.968620614513
09.10.2018 00:00:00;433274;15.760798500632;15.760798500632
10.10.2018 00:00:00;433274;15.2712136322248;15.2712136322248
11.10.2018 00:00:00;433274;15.0386993557314;15.0386993557314
12.10.2018 00:00:00;433274;15.0499502659689;15.0499502659689
15.10.2018 00:00:00;433274;14.632882980101;14.632882980101
16.10.2018 00:00:00;433274;15.0226635009713;15.0226635009713
17.10.2018 00:00:00;433274;15.0490068522855;15.0490068522855
18.10.2018 00:00:00;433274;14.8657469863789;14.8657469863789
19.10.2018 00:00:00;433274;14.8718618109037;14.8718618109037
22.10.2018 00:00:00;433274;14.4551002615519;14.4551002615519
23.10.2018 00:00:00;433274;14.2084133356607;14.2084133356607
24.10.2018 00:00:00;433274;14.1973412889922;14.1973412889922
25.10.2018 00:00:00;433274;15.0797486708555;15.0797486708555
26.10.2018 00:00:00;433274;15.3967905034073;15.3967905034073
29.10.2018 00:00:00;433274;15.2522281248628;15.2522281248628
30.10.2018 00:00:00;433274;15.1368476634692;15.1368476634692
31.10.2018 00:00:00;433274;15.7348982923708;15.7348982923708
01.11.2018 00:00:00;433274;15.8645198087132;15.8645198087132
02.11.2018 00:00:00;433274;16.1107448912327;16.1107448912327
05.11.2018 00:00:00;433274;16.0196517085581;16.0196517085581
06.11.2018 00:00:00;433274;16.1870976218631;16.1870976218631
07.11.2018 00:00:00;433274;15.9365328451244;15.9365328451244
08.11.2018 00:00:00;433274;16.0549455356752;16.0549455356752
09.11.2018 00:00:00;433274;15.8907729574983;15.8907729574983
12.11.2018 00:00:00;433274;15.9889792472115;15.9889792472115
13.11.2018 00:00:00;433274;16.0358124279762;16.0358124279762
14.11.2018 00:00:00;433274;15.8995445903524;15.8995445903524
15.11.2018 00:00:00;433274;15.8148164509431;15.8148164509431
16.11.2018 00:00:00;433274;15.1226576556809;15.1226576556809
19.11.2018 00:00:00;433274;15.0159326029072;15.0159326029072
20.11.2018 00:00:00;433274;15.101450545598;15.101450545598
21.11.2018 00:00:00;433274;15.3920407178272;15.3920407178272
22.11.2018 00:00:00;433274;15.0190697470519;15.0190697470519
23.11.2018 00:00:00;433274;14.7358216190014;14.7358216190014
26.11.2018 00:00:00;433274;15.5195979013271;15.5195979013271
27.11.2018 00:00:00;433274;15.3580443735884;15.3580443735884
28.11.2018 00:00:00;433274;15.3771116924578;15.3771116924578
29.11.2018 00:00:00;433274;15.4420483991392;15.4420483991392
30.11.2018 00:00:00;433274;15.2779617609396;15.2779617609396
03.12.2018 00:00:00;433274;15.4191814617384;15.4191814617384
04.12.2018 00:00:00;433274;14.5342435586875;14.5342435586875
05.12.2018 00:00:00;433274;14.3959775944957;14.3959775944957
06.12.2018 00:00:00;433274;13.4041899073301;13.4041899073301
07.12.2018 00:00:00;433274;13.3292356324362;13.3292356324362
10.12.2018 00:00:00;433274;13.0387031586346;13.0387031586346
11.12.2018 00:00:00;433274;13.075530834768;13.075530834768
12.12.2018 00:00:00;433274;13.3902256631329;13.3902256631329
13.12.2018 00:00:00;433274;12.8674040453003;12.8674040453003
14.12.2018 00:00:00;433274;12.3478645718079;12.3478645718079
17.12.2018 00:00:00;433274;12.6494067833988;12.6494067833988
18.12.2018 00:00:00;433274;12.5307990144315;12.5307990144315
19.12.2018 00:00:00;433274;12.2575843803353;12.2575843803353
20.12.2018 00:00:00;433274;12.2125366857944;12.2125366857944
21.12.2018 00:00:00;433274;12.4737026647966;12.4737026647966
24.12.2018 00:00:00;433274;12.354874041621;12.354874041621
27.12.2018 00:00:00;433274;12.232013678811;12.232013678811
28.12.2018 00:00:00;433274;12.6360893708189;12.6360893708189
31.12.2018 00:00:00;433274;12.7252055273745;12.7252055273745
02.01.2019 00:00:00;433274;12.7708296635547;12.7708296635547
03.01.2019 00:00:00;433274;12.3342990079888;12.3342990079888
04.01.2019 00:00:00;433274;12.8687267148806;12.8687267148806
07.01.2019 00:00:00;433274;13.1134668237142;13.1134668237142
08.01.2019 00:00:00;433274;13.4259866264586;13.4259866264586
09.01.2019 00:00:00;433274;13.1091998957519;13.1091998957519
10.01.2019 00:00:00;433274;12.9583821551013;12.9583821551013
11.01.2019 00:00:00;433274;12.6769766935308;12.6769766935308
14.01.2019 00:00:00;433274;12.1703500283336;12.1703500283336
15.01.2019 00:00:00;433274;11.8531468531469;11.8531468531469
16.01.2019 00:00:00;433274;11.9355829566896;11.9355829566896
17.01.2019 00:00:00;433274;11.6711341565233;11.6711341565233
18.01.2019 00:00:00;433274;12.0353670874939;12.0353670874939
21.01.2019 00:00:00;433274;11.9670905011219;11.9670905011219
22.01.2019 00:00:00;433274;12.0003521746786;12.0003521746786
23.01.2019 00:00:00;433274;12.0479810184982;12.0479810184982
24.01.2019 00:00:00;433274;12.1454993834772;12.1454993834772
25.01.2019 00:00:00;433274;12.2653097034567;12.2653097034567
28.01.2019 00:00:00;433274;11.8490665034323;11.8490665034323
29.01.2019 00:00:00;433274;12.072364098296;12.072364098296
30.01.2019 00:00:00;433274;12.0957507330095;12.0957507330095
31.01.2019 00:00:00;433274;12.3126524921575;12.3126524921575
01.02.2019 00:00:00;433274;12.2361765218908;12.2361765218908
04.02.2019 00:00:00;433274;12.2681134056703;12.2681134056703
05.02.2019 00:00:00;433274;12.8138831675358;12.8138831675358
06.02.2019 00:00:00;433274;12.5780082622836;12.5780082622836
07.02.2019 00:00:00;433274;12.1967328607283;12.1967328607283
08.02.2019 00:00:00;433274;12.0762711864407;12.0762711864407
11.02.2019 00:00:00;433274;12.3996629562287;12.3996629562287
12.02.2019 00:00:00;433274;12.028145329026;12.028145329026
13.02.2019 00:00:00;433274;12.2087357136529;12.2087357136529
14.02.2019 00:00:00;433274;12.5171878465292;12.5171878465292
15.02.2019 00:00:00;433274;12.6148519685738;12.6148519685738
18.02.2019 00:00:00;433274;12.4972361031265;12.4972361031265
19.02.2019 00:00:00;433274;12.3075565750584;12.3075565750584
20.02.2019 00:00:00;433274;12.6277758195277;12.6277758195277
21.02.2019 00:00:00;433274;12.3463317911434;12.3463317911434
22.02.2019 00:00:00;433274;12.5479476213571;12.5479476213571
25.02.2019 00:00:00;433274;12.6911382364606;12.6911382364606
26.02.2019 00:00:00;433274;12.3981860608462;12.3981860608462
27.02.2019 00:00:00;433274;12.2545789959151;12.2545789959151
28.02.2019 00:00:00;433274;12.1031136094155;12.1031136094155
01.03.2019 00:00:00;433274;12.5323848416985;12.5323848416985
04.03.2019 00:00:00;433274;12.5436155646835;12.5436155646835
05.03.2019 00:00:00;433274;12.5071867675025;12.5071867675025
06.03.2019 00:00:00;433274;12.4762535895737;12.4762535895737
07.03.2019 00:00:00;433274;12.0721121744937;12.0721121744937
08.03.2019 00:00:00;433274;12.1600569724485;12.1600569724485
11.03.2019 00:00:00;433274;12.7399884181923;12.7399884181923
12.03.2019 00:00:00;433274;12.6923588629208;12.6923588629208
13.03.2019 00:00:00;433274;12.855311436276;12.855311436276
14.03.2019 00:00:00;433274;13.1805917997258;13.1805917997258
15.03.2019 00:00:00;433274;13.1714853233282;13.1714853233282
18.03.2019 00:00:00;433274;12.9846072420941;12.9846072420941
19.03.2019 00:00:00;433274;13.0348565636981;13.0348565636981
20.03.2019 00:00:00;433274;12.8716796616889;12.8716796616889
21.03.2019 00:00:00;433274;13.0176473176957;13.0176473176957
22.03.2019 00:00:00;433274;12.6118939998227;12.6118939998227
25.03.2019 00:00:00;433274;12.5314611206782;12.5314611206782
26.03.2019 00:00:00;433274;12.4728513807012;12.4728513807012
27.03.2019 00:00:00;433274;12.5388785212832;12.5388785212832
28.03.2019 00:00:00;433274;12.5239218478793;12.5239218478793
29.03.2019 00:00:00;433274;12.7633043865509;12.7633043865509
01.04.2019 00:00:00;433274;13.0202299260315;13.0202299260315
02.04.2019 00:00:00;433274;12.9049555386746;12.9049555386746
03.04.2019 00:00:00;433274;13.3588636060026;13.3588636060026
04.04.2019 00:00:00;433274;13.623395149786;13.623395149786
05.04.2019 00:00:00;433274;13.5691375623664;13.5691375623664
08.04.2019 00:00:00;433274;13.3895671476138;13.3895671476138
09.04.2019 00:00:00;433274;13.2812846559908;13.2812846559908
10.04.2019 00:00:00;433274;13.4571796809031;13.4571796809031
11.04.2019 00:00:00;433274;13.6952279581338;13.6952279581338
12.04.2019 00:00:00;433274;13.6474123834357;13.6474123834357
15.04.2019 00:00:00;433274;13.7141341350192;13.7141341350192
16.04.2019 00:00:00;433274;13.8324704632948;13.8324704632948
17.04.2019 00:00:00;433274;13.9767349285683;13.9767349285683
18.04.2019 00:00:00;433274;13.9559706470981;13.9559706470981
23.04.2019 00:00:00;433274;14.1614241734708;14.1614241734708
24.04.2019 00:00:00;433274;13.9171576504196;13.9171576504196
25.04.2019 00:00:00;433274;13.8998564249821;13.8998564249821
26.04.2019 00:00:00;433274;14.0905629954763;14.0905629954763
29.04.2019 00:00:00;433274;14.0969952084546;14.0969952084546
30.04.2019 00:00:00;433274;14.1856626667261;14.1856626667261
02.05.2019 00:00:00;433274;14.2090673343468;14.2090673343468
03.05.2019 00:00:00;433274;14.3655298797658;14.3655298797658
06.05.2019 00:00:00;433274;14.3386786974583;14.3386786974583
07.05.2019 00:00:00;433274;14.1050279329609;14.1050279329609
08.05.2019 00:00:00;433274;14.2697682725365;14.2697682725365
09.05.2019 00:00:00;433274;13.4390167876386;13.4390167876386
10.05.2019 00:00:00;433274;13.5627890430452;13.5627890430452
13.05.2019 00:00:00;433274;13.2432071863743;13.2432071863743
14.05.2019 00:00:00;433274;13.512910850466;13.512910850466
15.05.2019 00:00:00;433274;13.4909658710685;13.4909658710685
16.05.2019 00:00:00;433274;13.6160314904276;13.6160314904276
17.05.2019 00:00:00;433274;13.6756732535735;13.6756732535735
20.05.2019 00:00:00;433274;13.46171070309;13.46171070309
21.05.2019 00:00:00;433274;13.5688729874776;13.5688729874776
22.05.2019 00:00:00;433274;13.5102425030257;13.5102425030257
23.05.2019 00:00:00;433274;13.3542600896861;13.3542600896861
24.05.2019 00:00:00;433274;13.5659779552858;13.5659779552858
27.05.2019 00:00:00;433274;13.2946169309806;13.2946169309806
28.05.2019 00:00:00;433274;13.3154362416107;13.3154362416107
29.05.2019 00:00:00;433274;13.405715823949;13.405715823949
30.05.2019 00:00:00;433274;13.5262661214218;13.5262661214218
31.05.2019 00:00:00;433274;13.4577426879598;13.4577426879598
03.06.2019 00:00:00;433274;13.4987947504687;13.4987947504687
04.06.2019 00:00:00;433274;13.4870470933856;13.4870470933856
05.06.2019 00:00:00;433274;13.8430118984195;13.8430118984195
06.06.2019 00:00:00;433274;13.4213908957936;13.4213908957936
07.06.2019 00:00:00;433274;13.4773980154355;13.4773980154355
10.06.2019 00:00:00;433274;13.6538376563121;13.6538376563121
11.06.2019 00:00:00;433274;13.5666622475584;13.5666622475584
12.06.2019 00:00:00;433274;13.4464175280502;13.4464175280502
13.06.2019 00:00:00;433274;13.3510756265247;13.3510756265247
14.06.2019 00:00:00;433274;13.6588408250546;13.6588408250546
17.06.2019 00:00:00;433274;13.7519483411267;13.7519483411267
18.06.2019 00:00:00;433274;14.2058915560324;14.2058915560324
19.06.2019 00:00:00;433274;14.3398582066259;14.3398582066259
20.06.2019 00:00:00;433274;14.1009743135518;14.1009743135518
21.06.2019 00:00:00;433274;13.9456833738132;13.9456833738132
24.06.2019 00:00:00;433274;13.7395197752513;13.7395197752513
25.06.2019 00:00:00;433274;13.724025831393;13.724025831393
26.06.2019 00:00:00;433274;13.861908319782;13.861908319782
27.06.2019 00:00:00;433274;13.9671929284489;13.9671929284489
28.06.2019 00:00:00;433274;14.0078162736574;14.0078162736574
01.07.2019 00:00:00;433274;14.0744337998322;14.0744337998322
02.07.2019 00:00:00;433274;14.4659377628259;14.4659377628259
03.07.2019 00:00:00;433274;14.7396410370042;14.7396410370042
04.07.2019 00:00:00;433274;15.1139083414591;15.1139083414591
05.07.2019 00:00:00;433274;15.084421080768;15.084421080768
08.07.2019 00:00:00;433274;14.9271033037585;14.9271033037585
09.07.2019 00:00:00;433274;14.6178216054616;14.6178216054616
10.07.2019 00:00:00;433274;14.5491712216149;14.5491712216149
11.07.2019 00:00:00;433274;14.5288132580975;14.5288132580975
12.07.2019 00:00:00;433274;14.5758343332;14.5758343332
15.07.2019 00:00:00;433274;14.5540114549572;14.5540114549572
16.07.2019 00:00:00;433274;14.7121725182677;14.7121725182677
17.07.2019 00:00:00;433274;14.6363190949178;14.6363190949178
18.07.2019 00:00:00;433274;14.6913305103633;14.6913305103633
19.07.2019 00:00:00;433274;14.6134996658499;14.6134996658499
22.07.2019 00:00:00;433274;14.7943496279132;14.7943496279132
23.07.2019 00:00:00;433274;15.0659133709981;15.0659133709981
24.07.2019 00:00:00;433274;15.1685141138985;15.1685141138985
25.07.2019 00:00:00;433274;15.5982618823635;15.5982618823635
26.07.2019 00:00:00;433274;15.063137554487;15.063137554487
29.07.2019 00:00:00;433274;15.300300974799;15.300300974799
30.07.2019 00:00:00;433274;15.1353292338076;15.1353292338076
31.07.2019 00:00:00;433274;15.0696003592277;15.0696003592277
01.08.2019 00:00:00;433274;15.1675485008818;15.1675485008818
02.08.2019 00:00:00;433274;14.7097239111832;14.7097239111832
05.08.2019 00:00:00;433274;14.2671970678943;14.2671970678943
06.08.2019 00:00:00;433274;14.0181484958205;14.0181484958205
07.08.2019 00:00:00;433274;14.0698140965628;14.0698140965628
08.08.2019 00:00:00;433274;14.6729180620674;14.6729180620674
09.08.2019 00:00:00;433274;14.5452922005447;14.5452922005447
12.08.2019 00:00:00;433274;14.4760886036458;14.4760886036458
13.08.2019 00:00:00;433274;14.4012872659009;14.4012872659009
14.08.2019 00:00:00;433274;13.9109377102112;13.9109377102112
15.08.2019 00:00:00;433274;13.7654737789782;13.7654737789782
16.08.2019 00:00:00;433274;13.9853212661534;13.9853212661534
19.08.2019 00:00:00;433274;14.474336442702;14.474336442702
20.08.2019 00:00:00;433274;14.2483542249076;14.2483542249076
21.08.2019 00:00:00;433274;14.4679316716996;14.4679316716996
22.08.2019 00:00:00;433274;14.2973192526401;14.2973192526401
23.08.2019 00:00:00;433274;14.2786405581814;14.2786405581814
26.08.2019 00:00:00;433274;14.1520467836257;14.1520467836257
27.08.2019 00:00:00;433274;14.2528942745169;14.2528942745169
28.08.2019 00:00:00;433274;14.18446119814;14.18446119814
29.08.2019 00:00:00;433274;14.4754676063974;14.4754676063974
30.08.2019 00:00:00;433274;14.6883936271617;14.6883936271617
02.09.2019 00:00:00;433274;14.6888534305904;14.6888534305904
03.09.2019 00:00:00;433274;14.584758516897;14.584758516897
04.09.2019 00:00:00;433274;14.781228746316;14.781228746316
05.09.2019 00:00:00;433274;14.9422685080371;14.9422685080371
06.09.2019 00:00:00;433274;14.9626612355737;14.9626612355737
09.09.2019 00:00:00;433274;14.9782923299566;14.9782923299566
10.09.2019 00:00:00;433274;15.0731464287332;15.0731464287332
11.09.2019 00:00:00;433274;14.8956486154686;14.8956486154686
12.09.2019 00:00:00;433274;14.9272669597136;14.9272669597136
13.09.2019 00:00:00;433274;15.0965529687782;15.0965529687782
16.09.2019 00:00:00;433274;15.1502750875278;15.1502750875278
17.09.2019 00:00:00;433274;15.1332760103181;15.1332760103181
18.09.2019 00:00:00;433274;14.8372513562387;14.8372513562387
19.09.2019 00:00:00;433274;14.9066075708923;14.9066075708923
20.09.2019 00:00:00;433274;14.908975348436;14.908975348436
23.09.2019 00:00:00;433274;14.5423127643127;14.5423127643127
24.09.2019 00:00:00;433274;14.4305523982723;14.4305523982723
25.09.2019 00:00:00;433274;14.4910343568919;14.4910343568919
26.09.2019 00:00:00;433274;14.7251039714821;14.7251039714821
27.09.2019 00:00:00;433274;14.9362810030603;14.9362810030603
30.09.2019 00:00:00;433274;14.8773217152029;14.8773217152029
01.10.2019 00:00:00;433274;14.6305712060831;14.6305712060831
02.10.2019 00:00:00;433274;13.9156654027137;13.9156654027137
03.10.2019 00:00:00;433274;13.7551206190259;13.7551206190259
04.10.2019 00:00:00;433274;13.8882564546241;13.8882564546241
07.10.2019 00:00:00;433274;13.860215542722;13.860215542722
08.10.2019 00:00:00;433274;13.762263289984;13.762263289984
09.10.2019 00:00:00;433274;13.6436085431941;13.6436085431941
10.10.2019 00:00:00;433274;13.8920415853271;13.8920415853271
11.10.2019 00:00:00;433274;14.5026059370043;14.5026059370043
14.10.2019 00:00:00;433274;14.5571629404562;14.5571629404562
15.10.2019 00:00:00;433274;14.7044167610419;14.7044167610419
16.10.2019 00:00:00;433274;14.579185520362;14.579185520362
17.10.2019 00:00:00;433274;14.7001934235977;14.7001934235977
18.10.2019 00:00:00;433274;14.5980158908291;14.5980158908291
21.10.2019 00:00:00;433274;14.6862243753645;14.6862243753645
