2018-09-28 13:32:17.8418|INFO|ConsCash|05.01.2000 | 89.999,92 €
2018-09-28 13:32:17.8598|INFO|ConsCash|05.01.2000 | 80.003,40 €
2018-09-28 13:32:17.8598|INFO|ConsCash|05.01.2000 | 70.009,14 €
2018-09-28 13:32:17.8598|INFO|ConsCash|05.01.2000 | 60.025,89 €
2018-09-28 13:32:17.8598|INFO|ConsCash|05.01.2000 | 50.029,23 €
2018-09-28 13:32:17.8598|INFO|ConsCash|05.01.2000 | 40.086,19 €
2018-09-28 13:32:17.8598|INFO|ConsCash|05.01.2000 | 30.086,57 €
2018-09-28 13:32:17.8598|INFO|ConsCash|05.01.2000 | 20.101,97 €
2018-09-28 13:32:17.8598|INFO|ConsCash|05.01.2000 | 10.124,59 €
2018-09-28 13:32:17.8598|INFO|ConsCash|05.01.2000 | 141,74 €
2018-09-28 13:32:18.8429|INFO|ConsCash|19.01.2000 | -9.655,04 €
2018-09-28 13:32:18.8429|INFO|ConsCash|19.01.2000 | 905,44 €
2018-09-28 13:32:18.8429|INFO|ConsCash|19.01.2000 | -9.719,90 €
2018-09-28 13:32:18.8429|INFO|ConsCash|19.01.2000 | 1.511,20 €
2018-09-28 13:32:18.8429|INFO|ConsCash|19.01.2000 | -10.347,80 €
2018-09-28 13:32:18.8429|INFO|ConsCash|19.01.2000 | 916,20 €
2018-09-28 13:32:18.8429|INFO|ConsCash|19.01.2000 | -11.548,80 €
2018-09-28 13:32:18.8429|INFO|ConsCash|19.01.2000 | -86,30 €
2018-09-28 13:32:18.8429|INFO|ConsCash|19.01.2000 | -11.638,60 €
2018-09-28 13:32:18.8429|INFO|ConsCash|19.01.2000 | 60,06 €
2018-09-28 13:32:18.8429|INFO|ConsCash|19.01.2000 | 11.758,71 €
2018-09-28 13:32:19.0865|INFO|ConsCash|24.01.2000 | 20.452,71 €
2018-09-28 13:32:19.2245|INFO|ConsCash|25.01.2000 | 29.298,18 €
2018-09-28 13:32:19.7126|INFO|ConsCash|02.02.2000 | 15.926,38 €
2018-09-28 13:32:19.7126|INFO|ConsCash|02.02.2000 | 2.560,30 €
2018-09-28 13:32:20.5287|INFO|ConsCash|16.02.2000 | -14.705,06 €
2018-09-28 13:32:20.5302|INFO|ConsCash|16.02.2000 | 562,92 €
2018-09-28 13:32:20.5302|INFO|ConsCash|16.02.2000 | -12.995,45 €
2018-09-28 13:32:20.5302|INFO|ConsCash|16.02.2000 | 3.834,55 €
2018-09-28 13:32:20.5302|INFO|ConsCash|16.02.2000 | -10.629,95 €
2018-09-28 13:32:20.5302|INFO|ConsCash|16.02.2000 | -157,95 €
2018-09-28 13:32:20.5302|INFO|ConsCash|16.02.2000 | 16.672,05 €
2018-09-28 13:32:21.3091|INFO|ConsCash|01.03.2000 | -9.300,28 €
2018-09-28 13:32:21.3106|INFO|ConsCash|01.03.2000 | 6.141,02 €
2018-09-28 13:32:21.3106|INFO|ConsCash|01.03.2000 | -22.405,65 €
2018-09-28 13:32:21.3106|INFO|ConsCash|01.03.2000 | -13.894,11 €
2018-09-28 13:32:21.3106|INFO|ConsCash|01.03.2000 | 1.547,19 €
2018-09-28 13:32:21.9097|INFO|ConsCash|13.03.2000 | 22.193,31 €
2018-09-28 13:32:22.0782|INFO|ConsCash|14.03.2000 | 52.365,65 €
2018-09-28 13:32:22.2342|INFO|ConsCash|15.03.2000 | 33.482,93 €
2018-09-28 13:32:22.2342|INFO|ConsCash|15.03.2000 | 14.579,71 €
2018-09-28 13:32:22.2342|INFO|ConsCash|15.03.2000 | 26.326,64 €
2018-09-28 13:32:22.4228|INFO|ConsCash|16.03.2000 | 51.895,29 €
2018-09-28 13:32:22.6043|INFO|ConsCash|20.03.2000 | 63.475,79 €
2018-09-28 13:32:22.7888|INFO|ConsCash|21.03.2000 | 81.917,18 €
2018-09-28 13:32:22.9558|INFO|ConsCash|22.03.2000 | 63.144,58 €
2018-09-28 13:32:23.1527|INFO|ConsCash|23.03.2000 | 81.591,95 €
2018-09-28 13:32:23.3367|INFO|ConsCash|27.03.2000 | 93.218,66 €
2018-09-28 13:32:23.5298|INFO|ConsCash|28.03.2000 | 112.255,86 €
2018-09-28 13:32:23.8128|INFO|ConsCash|30.03.2000 | 127.733,24 €
2018-09-28 13:32:23.9848|INFO|ConsCash|03.04.2000 | 145.792,60 €
2018-09-28 13:32:24.2689|INFO|ConsCash|05.04.2000 | 127.682,86 €
2018-09-28 13:32:24.2689|INFO|ConsCash|05.04.2000 | 109.502,37 €
2018-09-28 13:32:24.2689|INFO|ConsCash|05.04.2000 | 91.573,94 €
2018-09-28 13:32:24.2689|INFO|ConsCash|05.04.2000 | 73.423,94 €
2018-09-28 13:32:24.2689|INFO|ConsCash|05.04.2000 | 55.235,74 €
2018-09-28 13:32:24.2689|INFO|ConsCash|05.04.2000 | 37.070,34 €
2018-09-28 13:32:24.2804|INFO|ConsCash|05.04.2000 | 18.898,94 €
2018-09-28 13:32:24.2804|INFO|ConsCash|05.04.2000 | 744,36 €
2018-09-28 13:32:24.2804|INFO|ConsCash|05.04.2000 | 18.343,48 €
2018-09-28 13:32:25.0195|INFO|ConsCash|17.04.2000 | 35.861,86 €
2018-09-28 13:32:25.3240|INFO|ConsCash|19.04.2000 | 17.688,43 €
2018-09-28 13:32:25.3375|INFO|ConsCash|19.04.2000 | 901,10 €
2018-09-28 13:32:25.3375|INFO|ConsCash|19.04.2000 | -15.082,90 €
2018-09-28 13:32:25.3375|INFO|ConsCash|19.04.2000 | 2.226,90 €
2018-09-28 13:32:25.3375|INFO|ConsCash|19.04.2000 | 19.272,70 €
2018-09-28 13:32:25.3420|INFO|ConsCash|19.04.2000 | 37.271,00 €
2018-09-28 13:32:25.3420|INFO|ConsCash|19.04.2000 | 19.105,85 €
2018-09-28 13:32:25.3420|INFO|ConsCash|19.04.2000 | 37.383,29 €
2018-09-28 13:32:25.3420|INFO|ConsCash|19.04.2000 | 19.219,89 €
2018-09-28 13:32:25.7080|INFO|ConsCash|25.04.2000 | 36.580,97 €
2018-09-28 13:32:26.1056|INFO|ConsCash|27.04.2000 | 53.855,50 €
2018-09-28 13:32:26.5711|INFO|ConsCash|03.05.2000 | 34.809,50 €
2018-09-28 13:32:26.5711|INFO|ConsCash|03.05.2000 | 16.076,70 €
2018-09-28 13:32:26.5781|INFO|ConsCash|03.05.2000 | -3.010,20 €
2018-09-28 13:32:26.5781|INFO|ConsCash|03.05.2000 | 17.540,34 €
2018-09-28 13:32:26.5781|INFO|ConsCash|03.05.2000 | 297,84 €
2018-09-28 13:32:26.5781|INFO|ConsCash|03.05.2000 | -18.380,66 €
2018-09-28 13:32:26.5781|INFO|ConsCash|03.05.2000 | 1.088,46 €
2018-09-28 13:32:26.5781|INFO|ConsCash|03.05.2000 | 21.639,00 €
2018-09-28 13:32:27.1903|INFO|ConsCash|10.05.2000 | 2.414,84 €
2018-09-28 13:32:27.1903|INFO|ConsCash|10.05.2000 | 16.503,58 €
2018-09-28 13:32:27.1903|INFO|ConsCash|10.05.2000 | 34.298,80 €
2018-09-28 13:32:27.4934|INFO|ConsCash|11.05.2000 | 48.276,21 €
2018-09-28 13:32:27.7924|INFO|ConsCash|15.05.2000 | 67.831,71 €
2018-09-28 13:32:28.4941|INFO|ConsCash|22.05.2000 | 81.808,26 €
2018-09-28 13:32:28.7857|INFO|ConsCash|23.05.2000 | 99.617,46 €
2018-09-28 13:32:29.0947|INFO|ConsCash|24.05.2000 | 81.284,46 €
2018-09-28 13:32:29.0947|INFO|ConsCash|24.05.2000 | 62.917,73 €
2018-09-28 13:32:29.0947|INFO|ConsCash|24.05.2000 | 44.562,16 €
2018-09-28 13:32:29.0947|INFO|ConsCash|24.05.2000 | 26.201,76 €
2018-09-28 13:32:29.1072|INFO|ConsCash|24.05.2000 | 7.842,30 €
2018-09-28 13:32:29.1072|INFO|ConsCash|24.05.2000 | 25.322,10 €
2018-09-28 13:32:29.4732|INFO|ConsCash|25.05.2000 | 41.969,60 €
2018-09-28 13:32:29.8383|INFO|ConsCash|29.05.2000 | 58.015,32 €
2018-09-28 13:32:30.6404|INFO|ConsCash|06.06.2000 | 74.633,18 €
2018-09-28 13:32:31.0979|INFO|ConsCash|07.06.2000 | 55.427,18 €
2018-09-28 13:32:31.0979|INFO|ConsCash|07.06.2000 | 36.205,70 €
2018-09-28 13:32:31.0979|INFO|ConsCash|07.06.2000 | 17.081,87 €
2018-09-28 13:32:31.1139|INFO|ConsCash|07.06.2000 | 651,92 €
2018-09-28 13:32:31.1139|INFO|ConsCash|07.06.2000 | -17.109,70 €
2018-09-28 13:32:31.1139|INFO|ConsCash|07.06.2000 | 1.087,60 €
2018-09-28 13:32:31.1139|INFO|ConsCash|07.06.2000 | -18.115,36 €
2018-09-28 13:32:31.1139|INFO|ConsCash|07.06.2000 | 734,56 €
2018-09-28 13:32:31.1139|INFO|ConsCash|07.06.2000 | -18.859,41 €
2018-09-28 13:32:31.1229|INFO|ConsCash|07.06.2000 | -12,43 €
2018-09-28 13:32:31.1229|INFO|ConsCash|07.06.2000 | 18.837,49 €
2018-09-28 13:32:31.1229|INFO|ConsCash|07.06.2000 | 37.034,79 €
2018-09-28 13:32:32.2006|INFO|ConsCash|21.06.2000 | 14.149,59 €
2018-09-28 13:32:32.2081|INFO|ConsCash|21.06.2000 | -10.629,71 €
2018-09-28 13:32:32.2081|INFO|ConsCash|21.06.2000 | 7.912,43 €
2018-09-28 13:32:32.2081|INFO|ConsCash|21.06.2000 | -16.302,47 €
2018-09-28 13:32:32.2081|INFO|ConsCash|21.06.2000 | -3.127,47 €
2018-09-28 13:32:32.2081|INFO|ConsCash|21.06.2000 | -40.922,99 €
2018-09-28 13:32:32.2081|INFO|ConsCash|21.06.2000 | -21.896,45 €
2018-09-28 13:32:32.2081|INFO|ConsCash|21.06.2000 | -2.869,91 €
2018-09-28 13:32:32.2081|INFO|ConsCash|21.06.2000 | 11.970,70 €
2018-09-28 13:32:32.9412|INFO|ConsCash|29.06.2000 | 22.757,74 €
2018-09-28 13:32:33.2677|INFO|ConsCash|03.07.2000 | 40.049,94 €
2018-09-28 13:32:33.7938|INFO|ConsCash|06.07.2000 | 62.230,57 €
2018-09-28 13:32:34.6328|INFO|ConsCash|19.07.2000 | 37.946,85 €
2018-09-28 13:32:34.6388|INFO|ConsCash|19.07.2000 | 13.663,91 €
2018-09-28 13:32:34.6388|INFO|ConsCash|19.07.2000 | -9.823,12 €
2018-09-28 13:32:34.6388|INFO|ConsCash|19.07.2000 | 14.050,63 €
2018-09-28 13:32:35.3853|INFO|ConsCash|27.07.2000 | 35.225,47 €
2018-09-28 13:32:35.7238|INFO|ConsCash|31.07.2000 | 56.157,48 €
2018-09-28 13:32:36.0623|INFO|ConsCash|01.08.2000 | 68.355,88 €
2018-09-28 13:32:36.3939|INFO|ConsCash|02.08.2000 | 46.449,74 €
2018-09-28 13:32:36.3939|INFO|ConsCash|02.08.2000 | 24.549,74 €
2018-09-28 13:32:36.3939|INFO|ConsCash|02.08.2000 | 2.644,24 €
2018-09-28 13:32:36.4064|INFO|ConsCash|02.08.2000 | -16.367,76 €
2018-09-28 13:32:36.4064|INFO|ConsCash|02.08.2000 | 4.837,64 €
2018-09-28 13:32:36.4064|INFO|ConsCash|02.08.2000 | 26.703,94 €
2018-09-28 13:32:36.7594|INFO|ConsCash|03.08.2000 | 86.722,80 €
2018-09-28 13:32:37.1084|INFO|ConsCash|07.08.2000 | 104.933,16 €
2018-09-28 13:32:38.2744|INFO|ConsCash|23.08.2000 | 83.197,16 €
2018-09-28 13:32:38.2744|INFO|ConsCash|23.08.2000 | 61.424,20 €
2018-09-28 13:32:38.2744|INFO|ConsCash|23.08.2000 | 39.886,32 €
2018-09-28 13:32:38.2809|INFO|ConsCash|23.08.2000 | 18.102,57 €
2018-09-28 13:32:38.2809|INFO|ConsCash|23.08.2000 | -3.866,13 €
2018-09-28 13:32:38.2809|INFO|ConsCash|23.08.2000 | 19.555,92 €
2018-09-28 13:32:39.3782|INFO|ConsCash|06.09.2000 | -7.693,53 €
2018-09-28 13:32:39.3782|INFO|ConsCash|06.09.2000 | 13.385,22 €
2018-09-28 13:32:39.3782|INFO|ConsCash|06.09.2000 | 34.989,04 €
2018-09-28 13:32:39.3782|INFO|ConsCash|06.09.2000 | 12.958,54 €
2018-09-28 13:32:39.3782|INFO|ConsCash|06.09.2000 | 33.676,69 €
2018-09-28 13:32:39.3782|INFO|ConsCash|06.09.2000 | 11.717,95 €
2018-09-28 13:32:39.8977|INFO|ConsCash|11.09.2000 | 45.254,70 €
2018-09-28 13:32:40.3753|INFO|ConsCash|13.09.2000 | 24.199,62 €
2018-09-28 13:32:40.3753|INFO|ConsCash|13.09.2000 | 3.155,22 €
2018-09-28 13:32:40.3883|INFO|ConsCash|13.09.2000 | 26.810,92 €
2018-09-28 13:32:40.8868|INFO|ConsCash|18.09.2000 | 41.486,32 €
2018-09-28 13:32:41.3759|INFO|ConsCash|20.09.2000 | 20.723,07 €
2018-09-28 13:32:41.3759|INFO|ConsCash|20.09.2000 | 41.403,07 €
2018-09-28 13:32:41.7899|INFO|ConsCash|21.09.2000 | 62.930,07 €
2018-09-28 13:32:42.2065|INFO|ConsCash|25.09.2000 | 81.950,13 €
2018-09-28 13:32:42.6945|INFO|ConsCash|27.09.2000 | 61.244,13 €
2018-09-28 13:32:43.1091|INFO|ConsCash|28.09.2000 | 80.625,99 €
2018-09-28 13:32:43.7882|INFO|ConsCash|05.10.2000 | 99.768,49 €
2018-09-28 13:32:44.3722|INFO|ConsCash|11.10.2000 | 79.320,03 €
2018-09-28 13:32:44.3747|INFO|ConsCash|11.10.2000 | 58.875,35 €
2018-09-28 13:32:44.3747|INFO|ConsCash|11.10.2000 | 38.436,45 €
2018-09-28 13:32:44.3747|INFO|ConsCash|11.10.2000 | 17.984,85 €
2018-09-28 13:32:44.3747|INFO|ConsCash|11.10.2000 | -1.540,35 €
2018-09-28 13:32:44.3747|INFO|ConsCash|11.10.2000 | 17.999,25 €
2018-09-28 13:32:44.3747|INFO|ConsCash|11.10.2000 | -238,32 €
2018-09-28 13:32:44.3747|INFO|ConsCash|11.10.2000 | 19.277,28 €
2018-09-28 13:32:44.3882|INFO|ConsCash|11.10.2000 | 38.792,88 €
2018-09-28 13:32:45.4978|INFO|ConsCash|25.10.2000 | 16.534,08 €
2018-09-28 13:32:45.4978|INFO|ConsCash|25.10.2000 | 36.508,72 €
2018-09-28 13:32:45.4978|INFO|ConsCash|25.10.2000 | 14.222,00 €
2018-09-28 13:32:45.4978|INFO|ConsCash|25.10.2000 | 34.252,40 €
2018-09-28 13:32:45.4978|INFO|ConsCash|25.10.2000 | 11.987,84 €
2018-09-28 13:32:46.6536|INFO|ConsCash|08.11.2000 | -9.602,40 €
2018-09-28 13:32:46.6536|INFO|ConsCash|08.11.2000 | 11.849,47 €
2018-09-28 13:32:46.6536|INFO|ConsCash|08.11.2000 | -11.254,87 €
2018-09-28 13:32:46.6536|INFO|ConsCash|08.11.2000 | 9.747,43 €
2018-09-28 13:32:47.5912|INFO|ConsCash|20.11.2000 | 25.097,83 €
2018-09-28 13:32:48.0293|INFO|ConsCash|21.11.2000 | 47.769,73 €
2018-09-28 13:32:48.4704|INFO|ConsCash|22.11.2000 | 25.445,89 €
2018-09-28 13:32:48.4704|INFO|ConsCash|22.11.2000 | 3.138,29 €
2018-09-28 13:32:48.4704|INFO|ConsCash|22.11.2000 | -26.669,11 €
2018-09-28 13:32:48.4704|INFO|ConsCash|22.11.2000 | -9.590,89 €
2018-09-28 13:32:48.4704|INFO|ConsCash|22.11.2000 | -29.507,44 €
2018-09-28 13:32:48.4704|INFO|ConsCash|22.11.2000 | -7.912,41 €
2018-09-28 13:32:48.4819|INFO|ConsCash|22.11.2000 | 9.165,81 €
2018-09-28 13:32:48.9420|INFO|ConsCash|23.11.2000 | 32.861,13 €
2018-09-28 13:32:49.9831|INFO|ConsCash|07.12.2000 | 65.373,13 €
2018-09-28 13:32:50.5177|INFO|ConsCash|11.12.2000 | 80.979,63 €
2018-09-28 13:32:50.9857|INFO|ConsCash|12.12.2000 | 103.785,63 €
2018-09-28 13:32:51.4308|INFO|ConsCash|13.12.2000 | 80.857,83 €
2018-09-28 13:32:51.4308|INFO|ConsCash|13.12.2000 | 57.882,03 €
2018-09-28 13:32:51.4308|INFO|ConsCash|13.12.2000 | 34.897,68 €
2018-09-28 13:32:51.4368|INFO|ConsCash|13.12.2000 | 11.921,22 €
2018-09-28 13:32:51.4368|INFO|ConsCash|13.12.2000 | 29.503,88 €
2018-09-28 13:32:51.9484|INFO|ConsCash|14.12.2000 | 52.548,28 €
2018-09-28 13:32:52.4284|INFO|ConsCash|18.12.2000 | 72.990,24 €
2018-09-28 13:32:52.9185|INFO|ConsCash|19.12.2000 | 94.576,23 €
2018-09-28 13:32:53.6316|INFO|ConsCash|27.12.2000 | 72.065,43 €
2018-09-28 13:32:54.7592|INFO|ConsCash|04.01.2001 | 94.124,43 €
2018-09-28 13:32:55.2378|INFO|ConsCash|08.01.2001 | 116.532,23 €
2018-09-28 13:32:55.7238|INFO|ConsCash|09.01.2001 | 136.570,63 €
2018-09-28 13:32:56.2082|INFO|ConsCash|10.01.2001 | 113.560,07 €
2018-09-28 13:32:56.2082|INFO|ConsCash|10.01.2001 | 90.580,19 €
2018-09-28 13:32:56.2082|INFO|ConsCash|10.01.2001 | 67.616,99 €
2018-09-28 13:32:56.2082|INFO|ConsCash|10.01.2001 | 44.597,97 €
2018-09-28 13:32:56.2082|INFO|ConsCash|10.01.2001 | 21.579,57 €
2018-09-28 13:32:56.2082|INFO|ConsCash|10.01.2001 | -220,51 €
2018-09-28 13:32:56.2167|INFO|ConsCash|10.01.2001 | 22.140,06 €
2018-09-28 13:32:56.2167|INFO|ConsCash|10.01.2001 | 44.500,63 €
2018-09-28 13:32:57.5021|INFO|ConsCash|24.01.2001 | 19.456,73 €
2018-09-28 13:32:57.5021|INFO|ConsCash|24.01.2001 | -7.730,15 €
2018-09-28 13:32:57.5136|INFO|ConsCash|24.01.2001 | 13.796,41 €
2018-09-28 13:32:57.5136|INFO|ConsCash|24.01.2001 | 35.322,97 €
2018-09-28 13:32:57.5136|INFO|ConsCash|24.01.2001 | 57.249,37 €
2018-09-28 13:32:57.5136|INFO|ConsCash|24.01.2001 | 32.218,42 €
2018-09-28 13:32:57.5136|INFO|ConsCash|24.01.2001 | 55.081,08 €
2018-09-28 13:32:57.5136|INFO|ConsCash|24.01.2001 | 30.039,48 €
2018-09-28 13:32:57.5136|INFO|ConsCash|24.01.2001 | 53.384,16 €
2018-09-28 13:32:57.5136|INFO|ConsCash|24.01.2001 | 28.332,61 €
2018-09-28 13:32:58.7910|INFO|ConsCash|07.02.2001 | 1.920,61 €
2018-09-28 13:32:58.8040|INFO|ConsCash|07.02.2001 | 26.211,09 €
2018-09-28 13:32:58.8040|INFO|ConsCash|07.02.2001 | -222,72 €
2018-09-28 13:32:58.8040|INFO|ConsCash|07.02.2001 | 22.140,83 €
2018-09-28 13:32:58.8040|INFO|ConsCash|07.02.2001 | -4.255,09 €
2018-09-28 13:32:58.8040|INFO|ConsCash|07.02.2001 | 19.906,82 €
2018-09-28 13:32:58.8040|INFO|ConsCash|07.02.2001 | -6.526,89 €
2018-09-28 13:32:58.8100|INFO|ConsCash|07.02.2001 | 18.816,54 €
2018-09-28 13:32:58.8100|INFO|ConsCash|07.02.2001 | -7.609,85 €
2018-09-28 13:33:00.1283|INFO|ConsCash|21.02.2001 | -34.857,85 €
2018-09-28 13:33:00.1283|INFO|ConsCash|21.02.2001 | -19.028,14 €
2018-09-28 13:33:00.1283|INFO|ConsCash|21.02.2001 | -44.142,28 €
2018-09-28 13:33:00.1283|INFO|ConsCash|21.02.2001 | -18.526,15 €
2018-09-28 13:33:00.1283|INFO|ConsCash|21.02.2001 | -26.527,15 €
2018-09-28 13:33:00.1283|INFO|ConsCash|21.02.2001 | -894,49 €
2018-09-28 13:33:00.1283|INFO|ConsCash|21.02.2001 | -25.467,12 €
2018-09-28 13:33:00.1283|INFO|ConsCash|21.02.2001 | 401,68 €
2018-09-28 13:33:00.1283|INFO|ConsCash|21.02.2001 | 26.270,48 €
2018-09-28 13:33:00.6953|INFO|ConsCash|22.02.2001 | 51.355,74 €
2018-09-28 13:33:01.4454|INFO|ConsCash|28.02.2001 | 23.663,46 €
2018-09-28 13:33:02.1244|INFO|ConsCash|05.03.2001 | 45.703,46 €
2018-09-28 13:33:02.8980|INFO|ConsCash|08.03.2001 | 68.979,86 €
2018-09-28 13:33:03.5491|INFO|ConsCash|13.03.2001 | 86.431,29 €
2018-09-28 13:33:04.1232|INFO|ConsCash|14.03.2001 | 59.869,27 €
2018-09-28 13:33:04.1232|INFO|ConsCash|14.03.2001 | 33.310,27 €
2018-09-28 13:33:04.1232|INFO|ConsCash|14.03.2001 | 6.741,00 €
2018-09-28 13:33:04.1232|INFO|ConsCash|14.03.2001 | 27.605,27 €
2018-09-28 13:33:04.7218|INFO|ConsCash|15.03.2001 | 53.886,42 €
2018-09-28 13:33:05.2913|INFO|ConsCash|19.03.2001 | 80.177,36 €
2018-09-28 13:33:06.0779|INFO|ConsCash|22.03.2001 | 107.034,96 €
2018-09-28 13:33:06.6725|INFO|ConsCash|26.03.2001 | 131.432,76 €
2018-09-28 13:33:07.3121|INFO|ConsCash|28.03.2001 | 104.690,44 €
2018-09-28 13:33:07.3276|INFO|ConsCash|28.03.2001 | 77.955,05 €
2018-09-28 13:33:07.3276|INFO|ConsCash|28.03.2001 | 51.222,85 €
2018-09-28 13:33:07.3276|INFO|ConsCash|28.03.2001 | 24.479,47 €
2018-09-28 13:33:07.3276|INFO|ConsCash|28.03.2001 | -1.584,34 €
2018-09-28 13:33:07.3276|INFO|ConsCash|28.03.2001 | 24.339,29 €
2018-09-28 13:33:07.3276|INFO|ConsCash|28.03.2001 | -1.687,99 €
2018-09-28 13:33:07.3276|INFO|ConsCash|28.03.2001 | 25.746,17 €
2018-09-28 13:33:08.6793|INFO|ConsCash|11.04.2001 | -815,18 €
2018-09-28 13:33:08.6793|INFO|ConsCash|11.04.2001 | 25.539,92 €
2018-09-28 13:33:08.6793|INFO|ConsCash|11.04.2001 | 25.851,42 €
2018-09-28 13:33:08.6793|INFO|ConsCash|11.04.2001 | -9.612,39 €
2018-09-28 13:33:08.6793|INFO|ConsCash|11.04.2001 | 19.339,17 €
2018-09-28 13:33:08.6848|INFO|ConsCash|11.04.2001 | -8.107,55 €
2018-09-28 13:33:08.6848|INFO|ConsCash|11.04.2001 | 19.160,36 €
2018-09-28 13:33:08.6848|INFO|ConsCash|11.04.2001 | 48.111,92 €
2018-09-28 13:33:10.0463|INFO|ConsCash|25.04.2001 | 17.778,85 €
2018-09-28 13:33:10.0463|INFO|ConsCash|25.04.2001 | 44.509,95 €
2018-09-28 13:33:10.0463|INFO|ConsCash|25.04.2001 | 14.200,75 €
2018-09-28 13:33:11.0959|INFO|ConsCash|03.05.2001 | 54.769,22 €
2018-09-28 13:33:11.8855|INFO|ConsCash|09.05.2001 | 24.629,22 €
2018-09-28 13:33:13.1643|INFO|ConsCash|22.05.2001 | 46.009,26 €
2018-09-28 13:33:13.8019|INFO|ConsCash|23.05.2001 | 15.613,58 €
2018-09-28 13:33:14.4756|INFO|ConsCash|25.05.2001 | 45.324,06 €
2018-09-28 13:33:15.3513|INFO|ConsCash|30.05.2001 | 15.324,46 €
2018-09-28 13:33:15.3603|INFO|ConsCash|30.05.2001 | -13.286,89 €
2018-09-28 13:33:15.3603|INFO|ConsCash|30.05.2001 | 16.635,31 €
2018-09-28 13:33:15.3603|INFO|ConsCash|30.05.2001 | 8.178,51 €
2018-09-28 13:33:15.3603|INFO|ConsCash|30.05.2001 | 34.334,13 €
2018-09-28 13:33:16.8324|INFO|ConsCash|13.06.2001 | 4.251,58 €
2018-09-28 13:33:16.8324|INFO|ConsCash|13.06.2001 | -24.733,42 €
2018-09-28 13:33:16.8324|INFO|ConsCash|13.06.2001 | 4.258,90 €
2018-09-28 13:33:16.8409|INFO|ConsCash|13.06.2001 | -34.438,82 €
2018-09-28 13:33:16.8409|INFO|ConsCash|13.06.2001 | -4.550,00 €
2018-09-28 13:33:16.8409|INFO|ConsCash|13.06.2001 | 25.338,82 €
2018-09-28 13:33:17.6375|INFO|ConsCash|18.06.2001 | 65.086,85 €
2018-09-28 13:33:18.6841|INFO|ConsCash|21.06.2001 | 88.387,66 €
2018-09-28 13:33:19.6923|INFO|ConsCash|26.06.2001 | 120.913,66 €
2018-09-28 13:33:20.4304|INFO|ConsCash|27.06.2001 | 88.178,46 €
2018-09-28 13:33:20.4304|INFO|ConsCash|27.06.2001 | 55.446,28 €
2018-09-28 13:33:20.4359|INFO|ConsCash|27.06.2001 | 22.704,28 €
2018-09-28 13:33:21.1887|INFO|ConsCash|28.06.2001 | 42.522,17 €
2018-09-28 13:33:21.9438|INFO|ConsCash|02.07.2001 | 75.576,71 €
2018-09-28 13:33:23.1000|INFO|ConsCash|10.07.2001 | 103.895,92 €
2018-09-28 13:33:23.8381|INFO|ConsCash|11.07.2001 | 71.185,32 €
2018-09-28 13:33:23.8381|INFO|ConsCash|11.07.2001 | 38.464,32 €
2018-09-28 13:33:23.8406|INFO|ConsCash|11.07.2001 | 5.756,61 €
2018-09-28 13:33:23.8406|INFO|ConsCash|11.07.2001 | -26.704,74 €
2018-09-28 13:33:23.8406|INFO|ConsCash|11.07.2001 | 5.907,06 €
2018-09-28 13:33:23.8406|INFO|ConsCash|11.07.2001 | 38.518,86 €
2018-09-28 13:33:24.9533|INFO|ConsCash|18.07.2001 | 2.669,03 €
2018-09-28 13:33:26.0205|INFO|ConsCash|25.07.2001 | -34.368,89 €
2018-09-28 13:33:26.0205|INFO|ConsCash|25.07.2001 | -4.455,89 €
2018-09-28 13:33:26.0205|INFO|ConsCash|25.07.2001 | 25.289,91 €
2018-09-28 13:33:26.0205|INFO|ConsCash|25.07.2001 | 56.189,94 €
2018-09-28 13:33:27.0561|INFO|ConsCash|01.08.2001 | 21.084,94 €
2018-09-28 13:33:28.5839|INFO|ConsCash|16.08.2001 | 40.034,43 €
2018-09-28 13:33:29.3739|INFO|ConsCash|20.08.2001 | 73.914,75 €
2018-09-28 13:33:30.0765|INFO|ConsCash|21.08.2001 | 101.044,71 €
2018-09-28 13:33:30.7896|INFO|ConsCash|22.08.2001 | 67.630,31 €
2018-09-28 13:33:30.7896|INFO|ConsCash|22.08.2001 | 34.144,71 €
2018-09-28 13:33:30.7951|INFO|ConsCash|22.08.2001 | 668,49 €
2018-09-28 13:33:31.5302|INFO|ConsCash|23.08.2001 | 35.267,84 €
2018-09-28 13:33:32.5823|INFO|ConsCash|30.08.2001 | 65.933,09 €
2018-09-28 13:33:33.3129|INFO|ConsCash|03.09.2001 | 96.311,09 €
2018-09-28 13:33:34.1345|INFO|ConsCash|05.09.2001 | 63.279,49 €
2018-09-28 13:33:34.1395|INFO|ConsCash|05.09.2001 | 30.699,18 €
2018-09-28 13:33:34.8805|INFO|ConsCash|06.09.2001 | 63.472,50 €
2018-09-28 13:33:35.7916|INFO|ConsCash|11.09.2001 | 95.366,00 €
2018-09-28 13:33:36.5643|INFO|ConsCash|12.09.2001 | 64.295,30 €
2018-09-28 13:33:36.5643|INFO|ConsCash|12.09.2001 | 95.395,66 €
2018-09-28 13:33:37.3448|INFO|ConsCash|13.09.2001 | 121.525,66 €
2018-09-28 13:33:38.1147|INFO|ConsCash|17.09.2001 | 152.585,92 €
2018-09-28 13:33:38.9167|INFO|ConsCash|18.09.2001 | 184.303,63 €
2018-09-28 13:33:39.7778|INFO|ConsCash|20.09.2001 | 213.981,45 €
2018-09-28 13:33:40.5669|INFO|ConsCash|24.09.2001 | 240.551,49 €
2018-09-28 13:33:41.2959|INFO|ConsCash|25.09.2001 | 264.602,69 €
2018-09-28 13:33:42.3601|INFO|ConsCash|03.10.2001 | 235.075,58 €
2018-09-28 13:33:43.3597|INFO|ConsCash|10.10.2001 | 205.455,50 €
2018-09-28 13:33:43.3597|INFO|ConsCash|10.10.2001 | 175.848,50 €
2018-09-28 13:33:43.3597|INFO|ConsCash|10.10.2001 | 146.207,41 €
2018-09-28 13:33:43.3597|INFO|ConsCash|10.10.2001 | 116.565,80 €
2018-09-28 13:33:43.3712|INFO|ConsCash|10.10.2001 | 86.941,14 €
2018-09-28 13:33:43.3712|INFO|ConsCash|10.10.2001 | 60.347,94 €
2018-09-28 13:33:44.8409|INFO|ConsCash|24.10.2001 | 30.663,69 €
2018-09-28 13:33:44.8409|INFO|ConsCash|24.10.2001 | 969,45 €
2018-09-28 13:33:44.8409|INFO|ConsCash|24.10.2001 | -35.222,55 €
2018-09-28 13:33:44.8409|INFO|ConsCash|24.10.2001 | -5.481,30 €
2018-09-28 13:33:44.8409|INFO|ConsCash|24.10.2001 | -34.803,82 €
2018-09-28 13:33:44.8409|INFO|ConsCash|24.10.2001 | -6.599,07 €
2018-09-28 13:33:44.8409|INFO|ConsCash|24.10.2001 | -36.637,35 €
2018-09-28 13:33:44.8409|INFO|ConsCash|24.10.2001 | -7.887,33 €
2018-09-28 13:33:45.7516|INFO|ConsCash|29.10.2001 | 37.881,47 €
2018-09-28 13:33:46.5452|INFO|ConsCash|30.10.2001 | 56.241,47 €
2018-09-28 13:33:47.4022|INFO|ConsCash|01.11.2001 | 83.289,45 €
2018-09-28 13:33:48.1768|INFO|ConsCash|05.11.2001 | 111.463,13 €
2018-09-28 13:33:48.9340|INFO|ConsCash|06.11.2001 | 140.033,51 €
2018-09-28 13:33:49.8911|INFO|ConsCash|12.11.2001 | 168.587,22 €
2018-09-28 13:33:50.7462|INFO|ConsCash|14.11.2001 | 139.841,74 €
2018-09-28 13:33:50.7462|INFO|ConsCash|14.11.2001 | 111.113,99 €
2018-09-28 13:33:50.7462|INFO|ConsCash|14.11.2001 | 82.357,59 €
2018-09-28 13:33:50.7462|INFO|ConsCash|14.11.2001 | 53.607,28 €
2018-09-28 13:33:50.7462|INFO|ConsCash|14.11.2001 | 24.856,33 €
2018-09-28 13:33:50.7462|INFO|ConsCash|14.11.2001 | 213,53 €
2018-09-28 13:33:50.7462|INFO|ConsCash|14.11.2001 | -27.483,32 €
2018-09-28 13:33:50.7462|INFO|ConsCash|14.11.2001 | 1.610,79 €
2018-09-28 13:33:50.7462|INFO|ConsCash|14.11.2001 | 28.871,88 €
2018-09-28 13:33:50.7462|INFO|ConsCash|14.11.2001 | 139,08 €
2018-09-28 13:33:51.6636|INFO|ConsCash|19.11.2001 | 25.965,08 €
2018-09-28 13:33:52.4672|INFO|ConsCash|20.11.2001 | 55.269,08 €
2018-09-28 13:33:53.2519|INFO|ConsCash|21.11.2001 | 26.938,83 €
2018-09-28 13:33:54.3995|INFO|ConsCash|28.11.2001 | 1.477,38 €
2018-09-28 13:33:54.3995|INFO|ConsCash|28.11.2001 | -26.273,67 €
2018-09-28 13:33:54.3995|INFO|ConsCash|28.11.2001 | -875,28 €
2018-09-28 13:33:54.4025|INFO|ConsCash|28.11.2001 | -28.212,84 €
2018-09-28 13:33:54.4025|INFO|ConsCash|28.11.2001 | -237,72 €
2018-09-28 13:33:54.4025|INFO|ConsCash|28.11.2001 | 25.160,67 €
2018-09-28 13:33:54.4025|INFO|ConsCash|28.11.2001 | 53.257,14 €
2018-09-28 13:33:54.4025|INFO|ConsCash|28.11.2001 | 25.376,54 €
2018-09-28 13:33:55.9597|INFO|ConsCash|12.12.2001 | -18.855,08 €
2018-09-28 13:33:55.9597|INFO|ConsCash|12.12.2001 | 5.795,92 €
2018-09-28 13:33:55.9597|INFO|ConsCash|12.12.2001 | -38.064,08 €
2018-09-28 13:33:55.9597|INFO|ConsCash|12.12.2001 | -9.241,13 €
2018-09-28 13:33:55.9597|INFO|ConsCash|12.12.2001 | -56.484,20 €
2018-09-28 13:33:55.9652|INFO|ConsCash|12.12.2001 | -28.411,32 €
2018-09-28 13:33:55.9652|INFO|ConsCash|12.12.2001 | -338,44 €
2018-09-28 13:33:55.9652|INFO|ConsCash|12.12.2001 | 25.284,92 €
2018-09-28 13:33:57.7964|INFO|ConsCash|02.01.2002 | 37.389,77 €
2018-09-28 13:33:59.1185|INFO|ConsCash|09.01.2002 | 2.369,85 €
2018-09-28 13:33:59.1270|INFO|ConsCash|09.01.2002 | -34.360,64 €
2018-09-28 13:33:59.1270|INFO|ConsCash|09.01.2002 | 5.778,76 €
2018-09-28 13:34:00.4982|INFO|ConsCash|21.01.2002 | 24.563,40 €
2018-09-28 13:34:01.3408|INFO|ConsCash|22.01.2002 | 57.708,83 €
2018-09-28 13:34:02.1759|INFO|ConsCash|23.01.2002 | 24.420,08 €
2018-09-28 13:34:02.1849|INFO|ConsCash|23.01.2002 | -13.421,52 €
2018-09-28 13:34:02.1849|INFO|ConsCash|23.01.2002 | 20.702,46 €
2018-09-28 13:34:02.1849|INFO|ConsCash|23.01.2002 | 52.207,90 €
2018-09-28 13:34:03.3545|INFO|ConsCash|30.01.2002 | 19.520,88 €
2018-09-28 13:34:04.5126|INFO|ConsCash|06.02.2002 | -10.418,82 €
2018-09-28 13:34:04.5126|INFO|ConsCash|06.02.2002 | 41.543,58 €
2018-09-28 13:34:04.5126|INFO|ConsCash|06.02.2002 | 72.844,68 €
2018-09-28 13:34:04.5126|INFO|ConsCash|06.02.2002 | 40.282,54 €
2018-09-28 13:34:06.0708|INFO|ConsCash|20.02.2002 | 7.775,22 €
2018-09-28 13:34:06.0778|INFO|ConsCash|20.02.2002 | -33.316,80 €
2018-09-28 13:34:06.0778|INFO|ConsCash|20.02.2002 | -12.824,25 €
2018-09-28 13:34:07.6544|INFO|ConsCash|06.03.2002 | -44.710,84 €
2018-09-28 13:34:07.6544|INFO|ConsCash|06.03.2002 | -14.019,48 €
2018-09-28 13:34:07.6544|INFO|ConsCash|06.03.2002 | 19.617,84 €
2018-09-28 13:34:07.6544|INFO|ConsCash|06.03.2002 | -14.668,88 €
2018-09-28 13:34:08.8497|INFO|ConsCash|13.03.2002 | -40.442,63 €
2018-09-28 13:34:08.8497|INFO|ConsCash|13.03.2002 | 9.795,26 €
2018-09-28 13:34:10.0305|INFO|ConsCash|20.03.2002 | 46.480,76 €
2018-09-28 13:34:10.0305|INFO|ConsCash|20.03.2002 | 15.253,52 €
2018-09-28 13:34:11.6596|INFO|ConsCash|03.04.2002 | -15.174,28 €
2018-09-28 13:34:11.6596|INFO|ConsCash|03.04.2002 | 15.516,12 €
2018-09-28 13:34:11.6596|INFO|ConsCash|03.04.2002 | -23.685,94 €
2018-09-28 13:34:11.6596|INFO|ConsCash|03.04.2002 | -1.544,00 €
2018-09-28 13:34:11.6596|INFO|ConsCash|03.04.2002 | 20.597,93 €
2018-09-28 13:34:13.2559|INFO|ConsCash|17.04.2002 | 51.174,63 €
2018-09-28 13:34:13.2559|INFO|ConsCash|17.04.2002 | 17.013,63 €
2018-09-28 13:34:14.8755|INFO|ConsCash|02.05.2002 | 37.706,94 €
2018-09-28 13:34:15.8544|INFO|ConsCash|06.05.2002 | 68.731,69 €
2018-09-28 13:34:16.7371|INFO|ConsCash|07.05.2002 | 98.052,85 €
2018-09-28 13:34:17.6207|INFO|ConsCash|08.05.2002 | 65.357,55 €
2018-09-28 13:34:17.6207|INFO|ConsCash|08.05.2002 | 32.706,75 €
2018-09-28 13:34:17.6207|INFO|ConsCash|08.05.2002 | 6,73 €
2018-09-28 13:34:19.2529|INFO|ConsCash|22.05.2002 | -34.016,51 €
2018-09-28 13:34:19.2529|INFO|ConsCash|22.05.2002 | -3.566,35 €
2018-09-28 13:34:19.2529|INFO|ConsCash|22.05.2002 | -36.206,35 €
2018-09-28 13:34:19.2529|INFO|ConsCash|22.05.2002 | -3.446,35 €
2018-09-28 13:34:20.6526|INFO|ConsCash|04.06.2002 | 17.651,80 €
2018-09-28 13:34:21.6392|INFO|ConsCash|05.06.2002 | 47.450,34 €
2018-09-28 13:34:22.8253|INFO|ConsCash|12.06.2002 | 17.746,54 €
2018-09-28 13:34:22.8253|INFO|ConsCash|12.06.2002 | 48.237,74 €
2018-09-28 13:34:22.8253|INFO|ConsCash|12.06.2002 | 18.537,80 €
2018-09-28 13:34:23.7619|INFO|ConsCash|13.06.2002 | 80.571,80 €
2018-09-28 13:34:24.6910|INFO|ConsCash|17.06.2002 | 99.907,47 €
2018-09-28 13:34:25.6276|INFO|ConsCash|18.06.2002 | 128.619,67 €
2018-09-28 13:34:26.5437|INFO|ConsCash|19.06.2002 | 99.747,50 €
2018-09-28 13:34:26.5437|INFO|ConsCash|19.06.2002 | 70.874,70 €
2018-09-28 13:34:26.5437|INFO|ConsCash|19.06.2002 | 42.039,30 €
2018-09-28 13:34:26.5437|INFO|ConsCash|19.06.2002 | 13.179,31 €
2018-09-28 13:34:27.8224|INFO|ConsCash|26.06.2002 | 64.112,01 €
2018-09-28 13:34:27.8244|INFO|ConsCash|26.06.2002 | 90.827,66 €
2018-09-28 13:34:27.8244|INFO|ConsCash|26.06.2002 | 63.335,31 €
2018-09-28 13:34:28.8075|INFO|ConsCash|27.06.2002 | 80.915,01 €
2018-09-28 13:34:30.0574|INFO|ConsCash|04.07.2002 | 104.267,90 €
2018-09-28 13:34:31.3130|INFO|ConsCash|11.07.2002 | 128.682,62 €
2018-09-28 13:34:32.2446|INFO|ConsCash|15.07.2002 | 156.248,62 €
2018-09-28 13:34:33.1867|INFO|ConsCash|16.07.2002 | 181.818,47 €
2018-09-28 13:34:34.1273|INFO|ConsCash|17.07.2002 | 155.987,59 €
2018-09-28 13:34:34.1273|INFO|ConsCash|17.07.2002 | 130.148,85 €
2018-09-28 13:34:34.1273|INFO|ConsCash|17.07.2002 | 153.174,59 €
2018-09-28 13:34:35.6331|INFO|ConsCash|30.07.2002 | 178.385,79 €
2018-09-28 13:34:36.5572|INFO|ConsCash|31.07.2002 | 152.779,68 €
2018-09-28 13:34:36.5572|INFO|ConsCash|31.07.2002 | 127.565,14 €
2018-09-28 13:34:37.6193|INFO|ConsCash|05.08.2002 | 151.643,73 €
2018-09-28 13:34:39.0185|INFO|ConsCash|14.08.2002 | 126.652,89 €
2018-09-28 13:34:39.0185|INFO|ConsCash|14.08.2002 | 102.606,33 €
2018-09-28 13:34:40.6636|INFO|ConsCash|28.08.2002 | 78.687,33 €
2018-09-28 13:34:41.7154|INFO|ConsCash|29.08.2002 | 101.988,00 €
2018-09-28 13:34:42.7832|INFO|ConsCash|02.09.2002 | 127.431,90 €
2018-09-28 13:34:43.8084|INFO|ConsCash|03.09.2002 | 144.370,90 €
2018-09-28 13:34:44.8301|INFO|ConsCash|04.09.2002 | 168.852,34 €
2018-09-28 13:34:46.0948|INFO|ConsCash|11.09.2002 | 143.848,34 €
2018-09-28 13:34:46.1043|INFO|ConsCash|11.09.2002 | 118.900,14 €
2018-09-28 13:34:46.1043|INFO|ConsCash|11.09.2002 | 89.581,51 €
2018-09-28 13:34:47.5790|INFO|ConsCash|23.09.2002 | 113.115,27 €
2018-09-28 13:34:48.6462|INFO|ConsCash|25.09.2002 | 134.756,09 €
2018-09-28 13:34:49.6983|INFO|ConsCash|30.09.2002 | 157.824,09 €
2018-09-28 13:34:50.7809|INFO|ConsCash|02.10.2002 | 133.814,89 €
2018-09-28 13:34:52.3781|INFO|ConsCash|16.10.2002 | 110.418,85 €
2018-09-28 13:34:52.3876|INFO|ConsCash|16.10.2002 | 87.036,69 €
2018-09-28 13:34:52.3876|INFO|ConsCash|16.10.2002 | 63.648,78 €
2018-09-28 13:34:52.3876|INFO|ConsCash|16.10.2002 | 40.970,58 €
2018-09-28 13:34:54.0813|INFO|ConsCash|30.10.2002 | 17.311,78 €
2018-09-28 13:34:54.0883|INFO|ConsCash|30.10.2002 | -6.533,72 €
2018-09-28 13:34:54.0883|INFO|ConsCash|30.10.2002 | 17.146,68 €
2018-09-28 13:34:54.0883|INFO|ConsCash|30.10.2002 | -6.896,30 €
2018-09-28 13:34:54.0883|INFO|ConsCash|30.10.2002 | 14.778,70 €
2018-09-28 13:34:55.5115|INFO|ConsCash|07.11.2002 | 37.301,20 €
2018-09-28 13:34:56.7046|INFO|ConsCash|13.11.2002 | 13.327,33 €
2018-09-28 13:34:56.7046|INFO|ConsCash|13.11.2002 | -14.844,47 €
2018-09-28 13:34:56.7046|INFO|ConsCash|13.11.2002 | 8.955,83 €
2018-09-28 13:34:58.3943|INFO|ConsCash|27.11.2002 | -20.799,37 €
2018-09-28 13:34:58.3943|INFO|ConsCash|27.11.2002 | 18.428,65 €
2018-09-28 13:34:58.3943|INFO|ConsCash|27.11.2002 | -4.079,71 €
2018-09-28 13:34:58.3943|INFO|ConsCash|27.11.2002 | 34.084,84 €
2018-09-28 13:34:59.7304|INFO|ConsCash|04.12.2002 | 10.039,64 €
2018-09-28 13:35:01.1821|INFO|ConsCash|12.12.2002 | 22.695,89 €
2018-09-28 13:35:02.2062|INFO|ConsCash|16.12.2002 | 45.322,13 €
2018-09-28 13:35:03.3074|INFO|ConsCash|18.12.2002 | 22.579,73 €
2018-09-28 13:35:03.3074|INFO|ConsCash|18.12.2002 | 43.018,15 €
2018-09-28 13:35:03.3074|INFO|ConsCash|18.12.2002 | 20.264,71 €
2018-09-28 13:35:05.3421|INFO|ConsCash|06.01.2003 | 34.723,56 €
2018-09-28 13:35:06.3772|INFO|ConsCash|07.01.2003 | 57.597,62 €
2018-09-28 13:35:07.3953|INFO|ConsCash|08.01.2003 | 35.370,99 €
2018-09-28 13:35:07.3953|INFO|ConsCash|08.01.2003 | 13.144,59 €
2018-09-28 13:35:07.4008|INFO|ConsCash|08.01.2003 | -7.165,79 €
2018-09-28 13:35:07.4008|INFO|ConsCash|08.01.2003 | 27.707,65 €
2018-09-28 13:35:07.4008|INFO|ConsCash|08.01.2003 | 62.581,09 €
2018-09-28 13:35:08.9802|INFO|ConsCash|20.01.2003 | 80.019,25 €
2018-09-28 13:35:10.1144|INFO|ConsCash|22.01.2003 | 54.047,61 €
2018-09-28 13:35:11.1965|INFO|ConsCash|23.01.2003 | 79.663,50 €
2018-09-28 13:35:12.2609|INFO|ConsCash|27.01.2003 | 90.953,38 €
2018-09-28 13:35:13.3360|INFO|ConsCash|28.01.2003 | 116.221,85 €
2018-09-28 13:35:14.3928|INFO|ConsCash|29.01.2003 | 94.066,97 €
2018-09-28 13:35:16.0975|INFO|ConsCash|10.02.2003 | 109.594,59 €
2018-09-28 13:35:17.2081|INFO|ConsCash|11.02.2003 | 134.692,59 €
2018-09-28 13:35:18.2696|INFO|ConsCash|12.02.2003 | 109.342,77 €
2018-09-28 13:35:19.8693|INFO|ConsCash|24.02.2003 | 128.545,41 €
2018-09-28 13:35:20.9849|INFO|ConsCash|25.02.2003 | 151.178,84 €
2018-09-28 13:35:22.0766|INFO|ConsCash|26.02.2003 | 127.190,71 €
2018-09-28 13:35:22.0766|INFO|ConsCash|26.02.2003 | 103.202,02 €
2018-09-28 13:35:22.0766|INFO|ConsCash|26.02.2003 | 124.419,84 €
2018-09-28 13:35:23.1978|INFO|ConsCash|27.02.2003 | 144.666,64 €
2018-09-28 13:35:24.3065|INFO|ConsCash|03.03.2003 | 164.473,44 €
2018-09-28 13:35:26.2365|INFO|ConsCash|19.03.2003 | 140.174,60 €
2018-09-28 13:35:26.2365|INFO|ConsCash|19.03.2003 | 115.886,60 €
2018-09-28 13:35:26.2365|INFO|ConsCash|19.03.2003 | 91.602,27 €
2018-09-28 13:35:26.2365|INFO|ConsCash|19.03.2003 | 67.301,18 €
2018-09-28 13:35:26.2440|INFO|ConsCash|19.03.2003 | 42.997,50 €
2018-09-28 13:35:26.2440|INFO|ConsCash|19.03.2003 | 21.096,70 €
2018-09-28 13:35:26.2440|INFO|ConsCash|19.03.2003 | -146,98 €
2018-09-28 13:35:26.2440|INFO|ConsCash|19.03.2003 | 24.373,61 €
2018-09-28 13:35:26.2440|INFO|ConsCash|19.03.2003 | 48.894,20 €
2018-09-28 13:35:28.1864|INFO|ConsCash|02.04.2003 | 22.336,74 €
2018-09-28 13:35:28.1864|INFO|ConsCash|02.04.2003 | -14.563,12 €
2018-09-28 13:35:28.1979|INFO|ConsCash|02.04.2003 | 5.590,63 €
2018-09-28 13:35:28.1979|INFO|ConsCash|02.04.2003 | -32.287,71 €
2018-09-28 13:35:28.1979|INFO|ConsCash|02.04.2003 | -9.317,39 €
2018-09-28 13:35:28.1979|INFO|ConsCash|02.04.2003 | -36.631,05 €
2018-09-28 13:35:28.1979|INFO|ConsCash|02.04.2003 | -12.853,74 €
2018-09-28 13:35:28.1979|INFO|ConsCash|02.04.2003 | -42.458,70 €
2018-09-28 13:35:28.1979|INFO|ConsCash|02.04.2003 | -18.952,14 €
2018-09-28 13:35:28.1979|INFO|ConsCash|02.04.2003 | 1.201,61 €
2018-09-28 13:35:30.0722|INFO|ConsCash|16.04.2003 | 27.669,32 €
2018-09-28 13:35:30.0722|INFO|ConsCash|16.04.2003 | -1.516,09 €
2018-09-28 13:35:30.0722|INFO|ConsCash|16.04.2003 | 27.896,63 €
2018-09-28 13:35:30.0722|INFO|ConsCash|16.04.2003 | -1.290,08 €
2018-09-28 13:35:30.0722|INFO|ConsCash|16.04.2003 | 1.470,60 €
2018-09-28 13:35:31.9950|INFO|ConsCash|30.04.2003 | -25.174,35 €
2018-09-28 13:35:31.9950|INFO|ConsCash|30.04.2003 | -7.055,85 €
2018-09-28 13:35:31.9950|INFO|ConsCash|30.04.2003 | -34.464,81 €
2018-09-28 13:35:31.9950|INFO|ConsCash|30.04.2003 | 1.698,17 €
2018-09-28 13:35:33.5886|INFO|ConsCash|08.05.2003 | 20.014,13 €
2018-09-28 13:35:35.1902|INFO|ConsCash|19.05.2003 | 63.281,89 €
2018-09-28 13:35:36.3578|INFO|ConsCash|20.05.2003 | 80.435,05 €
2018-09-28 13:35:37.5976|INFO|ConsCash|22.05.2003 | 106.100,81 €
2018-09-28 13:35:38.7562|INFO|ConsCash|26.05.2003 | 133.287,10 €
2018-09-28 13:35:40.4131|INFO|ConsCash|04.06.2003 | 105.179,26 €
2018-09-28 13:35:40.4131|INFO|ConsCash|04.06.2003 | 77.063,85 €
2018-09-28 13:35:40.4156|INFO|ConsCash|04.06.2003 | 48.957,09 €
2018-09-28 13:35:40.4156|INFO|ConsCash|04.06.2003 | 20.841,59 €
2018-09-28 13:35:40.4156|INFO|ConsCash|04.06.2003 | -5.765,51 €
2018-09-28 13:35:40.4156|INFO|ConsCash|04.06.2003 | 21.037,00 €
2018-09-28 13:35:40.4156|INFO|ConsCash|04.06.2003 | -9.339,94 €
2018-09-28 13:35:40.4156|INFO|ConsCash|04.06.2003 | 19.728,93 €
2018-09-28 13:35:40.4311|INFO|ConsCash|04.06.2003 | 48.797,80 €
2018-09-28 13:35:42.4193|INFO|ConsCash|18.06.2003 | 16.973,71 €
2018-09-28 13:35:42.4193|INFO|ConsCash|18.06.2003 | -16.336,16 €
2018-09-28 13:35:42.4193|INFO|ConsCash|18.06.2003 | 12.646,20 €
2018-09-28 13:35:42.4318|INFO|ConsCash|18.06.2003 | -20.072,07 €
2018-09-28 13:35:42.4318|INFO|ConsCash|18.06.2003 | 7.799,93 €
2018-09-28 13:35:43.6700|INFO|ConsCash|19.06.2003 | 28.404,55 €
2018-09-28 13:35:44.8746|INFO|ConsCash|23.06.2003 | 56.824,56 €
2018-09-28 13:35:46.4568|INFO|ConsCash|30.06.2003 | 87.887,82 €
2018-09-28 13:35:48.2949|INFO|ConsCash|09.07.2003 | 56.259,66 €
2018-09-28 13:35:48.2949|INFO|ConsCash|09.07.2003 | 24.644,65 €
2018-09-28 13:35:48.2949|INFO|ConsCash|09.07.2003 | -6.310,69 €
2018-09-28 13:35:48.2949|INFO|ConsCash|09.07.2003 | 39.843,31 €
2018-09-28 13:35:50.4889|INFO|ConsCash|23.07.2003 | 9.530,19 €
2018-09-28 13:35:50.5014|INFO|ConsCash|23.07.2003 | 37.090,19 €
2018-09-28 13:35:52.1433|INFO|ConsCash|30.07.2003 | 5.149,19 €
2018-09-28 13:35:52.1538|INFO|ConsCash|30.07.2003 | -22.845,41 €
2018-09-28 13:35:52.1538|INFO|ConsCash|30.07.2003 | -5.052,39 €
2018-09-28 13:35:53.7765|INFO|ConsCash|06.08.2003 | 24.715,60 €
2018-09-28 13:35:53.7765|INFO|ConsCash|06.08.2003 | -6.649,96 €
2018-09-28 13:35:53.7765|INFO|ConsCash|06.08.2003 | 1.561,33 €
2018-09-28 13:35:55.8747|INFO|ConsCash|20.08.2003 | -29.648,87 €
2018-09-28 13:35:55.8747|INFO|ConsCash|20.08.2003 | -5.922,62 €
2018-09-28 13:35:55.8747|INFO|ConsCash|20.08.2003 | -48.012,35 €
2018-09-28 13:35:55.8747|INFO|ConsCash|20.08.2003 | -13.901,15 €
2018-09-28 13:35:55.8747|INFO|ConsCash|20.08.2003 | -44.530,87 €
2018-09-28 13:35:55.8747|INFO|ConsCash|20.08.2003 | -12.453,37 €
2018-09-28 13:35:55.8747|INFO|ConsCash|20.08.2003 | 19.624,13 €
2018-09-28 13:35:55.8837|INFO|ConsCash|20.08.2003 | 53.735,33 €
2018-09-28 13:35:57.9185|INFO|ConsCash|03.09.2003 | 12.260,18 €
2018-09-28 13:35:57.9185|INFO|ConsCash|03.09.2003 | -51.959,91 €
2018-09-28 13:35:57.9310|INFO|ConsCash|03.09.2003 | -16.383,19 €
2018-09-28 13:35:57.9310|INFO|ConsCash|03.09.2003 | -84.000,39 €
2018-09-28 13:35:57.9310|INFO|ConsCash|03.09.2003 | -61.276,95 €
2018-09-28 13:35:59.5174|INFO|ConsCash|10.09.2003 | -22.079,84 €
2018-09-28 13:35:59.5174|INFO|ConsCash|10.09.2003 | 2.002,19 €
2018-09-28 13:36:01.5256|INFO|ConsCash|24.09.2003 | 15.612,42 €
2018-09-28 13:36:01.5256|INFO|ConsCash|24.09.2003 | -20.869,08 €
2018-09-28 13:36:01.5256|INFO|ConsCash|24.09.2003 | 1.836,69 €
2018-09-28 13:36:02.8763|INFO|ConsCash|29.09.2003 | 53.250,93 €
2018-09-28 13:36:04.1162|INFO|ConsCash|30.09.2003 | 76.954,68 €
2018-09-28 13:36:06.2164|INFO|ConsCash|15.10.2003 | 36.893,78 €
2018-09-28 13:36:06.2164|INFO|ConsCash|15.10.2003 | 27.004,46 €
2018-09-28 13:36:06.2164|INFO|ConsCash|15.10.2003 | -10.450,54 €
2018-09-28 13:36:06.2164|INFO|ConsCash|15.10.2003 | 29.313,96 €
2018-09-28 13:36:06.2274|INFO|ConsCash|15.10.2003 | 69.078,46 €
2018-09-28 13:36:07.8062|INFO|ConsCash|22.10.2003 | 25.630,36 €
2018-09-28 13:36:09.8602|INFO|ConsCash|05.11.2003 | -38.647,49 €
2018-09-28 13:36:09.8602|INFO|ConsCash|05.11.2003 | 6.268,96 €
2018-09-28 13:36:09.8602|INFO|ConsCash|05.11.2003 | -46.955,90 €
2018-09-28 13:36:09.8602|INFO|ConsCash|05.11.2003 | -6.060,76 €
2018-09-28 13:36:09.8602|INFO|ConsCash|05.11.2003 | 38.855,69 €
2018-09-28 13:36:11.9459|INFO|ConsCash|19.11.2003 | 89.592,35 €
2018-09-28 13:36:11.9459|INFO|ConsCash|19.11.2003 | 40.709,76 €
2018-09-28 13:36:13.9871|INFO|ConsCash|03.12.2003 | 80.965,60 €
2018-09-28 13:36:15.5646|INFO|ConsCash|10.12.2003 | 31.543,90 €
2018-09-28 13:36:21.7597|INFO|ConsCash|25.02.2004 | 85.050,70 €
2018-09-28 13:36:21.7597|INFO|ConsCash|25.02.2004 | 34.073,28 €
2018-09-28 13:36:23.8215|INFO|ConsCash|10.03.2004 | -19.892,54 €
2018-09-28 13:36:23.8215|INFO|ConsCash|10.03.2004 | 44.581,38 €
2018-09-28 13:36:25.2276|INFO|ConsCash|15.03.2004 | 91.886,48 €
2018-09-28 13:36:26.5492|INFO|ConsCash|16.03.2004 | 140.480,48 €
2018-09-28 13:36:27.8449|INFO|ConsCash|17.03.2004 | 90.872,24 €
2018-09-28 13:36:27.8449|INFO|ConsCash|17.03.2004 | 41.273,32 €
2018-09-28 13:36:29.3131|INFO|ConsCash|22.03.2004 | 98.121,23 €
2018-09-28 13:36:30.6527|INFO|ConsCash|23.03.2004 | 128.205,93 €
2018-09-28 13:36:31.9773|INFO|ConsCash|24.03.2004 | 80.356,43 €
2018-09-28 13:36:34.1391|INFO|ConsCash|07.04.2004 | 28.856,43 €
2018-09-28 13:36:34.1491|INFO|ConsCash|07.04.2004 | -22.640,99 €
2018-09-28 13:36:34.1491|INFO|ConsCash|07.04.2004 | 14.001,09 €
2018-09-28 13:36:34.1491|INFO|ConsCash|07.04.2004 | -37.896,36 €
2018-09-28 13:36:34.1491|INFO|ConsCash|07.04.2004 | 20.943,33 €
2018-09-28 13:36:34.1491|INFO|ConsCash|07.04.2004 | -31.607,07 €
2018-09-28 13:36:34.1491|INFO|ConsCash|07.04.2004 | 18.882,53 €
2018-09-28 13:36:36.4174|INFO|ConsCash|21.04.2004 | -33.282,77 €
2018-09-28 13:36:36.4174|INFO|ConsCash|21.04.2004 | 14.650,83 €
2018-09-28 13:36:36.4174|INFO|ConsCash|21.04.2004 | -36.066,06 €
2018-09-28 13:36:36.4174|INFO|ConsCash|21.04.2004 | 17.026,98 €
2018-09-28 13:36:36.4174|INFO|ConsCash|21.04.2004 | 1.292,70 €
2018-09-28 13:36:38.5629|INFO|ConsCash|05.05.2004 | -58.891,91 €
2018-09-28 13:36:38.5629|INFO|ConsCash|05.05.2004 | -12.124,71 €
2018-09-28 13:36:39.9655|INFO|ConsCash|06.05.2004 | 38.315,64 €
2018-09-28 13:36:49.0259|INFO|ConsCash|08.09.2004 | -27.945,06 €
2018-09-28 13:36:49.0259|INFO|ConsCash|08.09.2004 | 22.556,30 €
2018-09-28 13:36:51.1557|INFO|ConsCash|22.09.2004 | 76.189,55 €
2018-09-28 13:36:51.1557|INFO|ConsCash|22.09.2004 | 21.575,48 €
2018-09-28 13:36:53.3960|INFO|ConsCash|06.10.2004 | -34.830,67 €
2018-09-28 13:36:53.3975|INFO|ConsCash|06.10.2004 | 58.262,21 €
2018-09-28 13:36:55.7005|INFO|ConsCash|20.10.2004 | 2.714,69 €
2018-09-28 13:36:57.2913|INFO|ConsCash|25.10.2004 | 55.549,20 €
2018-09-28 13:36:58.6361|INFO|ConsCash|26.10.2004 | 110.020,18 €
2018-09-28 13:37:00.4911|INFO|ConsCash|03.11.2004 | 54.128,88 €
2018-09-28 13:37:00.4911|INFO|ConsCash|03.11.2004 | 158,93 €
2018-09-28 13:37:02.2473|INFO|ConsCash|10.11.2004 | -14.660,31 €
2018-09-28 13:37:02.2473|INFO|ConsCash|10.11.2004 | 71.336,87 €
2018-09-28 13:37:04.4287|INFO|ConsCash|24.11.2004 | 15.412,54 €
2018-09-28 13:37:04.4287|INFO|ConsCash|24.11.2004 | -57.329,96 €
2018-09-28 13:37:04.4287|INFO|ConsCash|24.11.2004 | -4.027,95 €
2018-09-28 13:37:04.4287|INFO|ConsCash|24.11.2004 | -78.245,13 €
2018-09-28 13:37:04.4447|INFO|ConsCash|24.11.2004 | -41.525,13 €
2018-09-28 13:37:04.4447|INFO|ConsCash|24.11.2004 | -4.805,13 €
2018-09-28 13:37:04.4447|INFO|ConsCash|24.11.2004 | 49.601,74 €
2018-09-28 13:37:06.9735|INFO|ConsCash|14.12.2004 | 117.091,96 €
2018-09-28 13:37:08.4093|INFO|ConsCash|15.12.2004 | 58.530,85 €
2018-09-28 13:37:09.8106|INFO|ConsCash|16.12.2004 | 95.325,79 €
2018-09-28 13:37:11.4818|INFO|ConsCash|22.12.2004 | 36.684,88 €
2018-09-28 13:37:13.3015|INFO|ConsCash|30.12.2004 | 96.590,06 €
2018-09-28 13:37:14.9887|INFO|ConsCash|05.01.2005 | 37.885,61 €
2018-09-28 13:37:14.9972|INFO|ConsCash|05.01.2005 | -20.353,87 €
2018-09-28 13:37:14.9972|INFO|ConsCash|05.01.2005 | 34.154,98 €
2018-09-28 13:37:14.9972|INFO|ConsCash|05.01.2005 | -21.782,16 €
2018-09-28 13:37:14.9972|INFO|ConsCash|05.01.2005 | 40.320,54 €
2018-09-28 13:37:17.3023|INFO|ConsCash|19.01.2005 | -30.931,25 €
2018-09-28 13:37:17.3043|INFO|ConsCash|19.01.2005 | 26.817,35 €
2018-09-28 13:37:17.3043|INFO|ConsCash|19.01.2005 | -34.121,09 €
2018-09-28 13:37:17.3043|INFO|ConsCash|19.01.2005 | 101.073,64 €
2018-09-28 13:37:17.3043|INFO|ConsCash|19.01.2005 | 158.822,24 €
2018-09-28 13:37:19.5370|INFO|ConsCash|02.02.2005 | 93.075,69 €
2018-09-28 13:37:19.5405|INFO|ConsCash|02.02.2005 | 27.329,60 €
2018-09-28 13:37:19.5405|INFO|ConsCash|02.02.2005 | -66.393,35 €
2018-09-28 13:37:19.5405|INFO|ConsCash|02.02.2005 | -15.585,28 €
2018-09-28 13:37:21.8692|INFO|ConsCash|16.02.2005 | -81.889,28 €
2018-09-28 13:37:21.8692|INFO|ConsCash|16.02.2005 | -23.352,20 €
2018-09-28 13:37:21.8692|INFO|ConsCash|16.02.2005 | -88.596,63 €
2018-09-28 13:37:21.8692|INFO|ConsCash|16.02.2005 | -22.508,55 €
2018-09-28 13:37:23.6844|INFO|ConsCash|23.02.2005 | 3.050,83 €
2018-09-28 13:37:26.4317|INFO|ConsCash|16.03.2005 | 87.749,10 €
2018-09-28 13:37:28.2593|INFO|ConsCash|23.03.2005 | 27.540,60 €
2018-09-28 13:37:30.6531|INFO|ConsCash|06.04.2005 | -5.897,00 €
2018-09-28 13:37:30.6531|INFO|ConsCash|06.04.2005 | 86.462,80 €
2018-09-28 13:37:30.6531|INFO|ConsCash|06.04.2005 | 178.822,59 €
2018-09-28 13:37:32.4989|INFO|ConsCash|13.04.2005 | 108.280,92 €
2018-09-28 13:37:32.4989|INFO|ConsCash|13.04.2005 | 37.726,45 €
2018-09-28 13:37:34.3407|INFO|ConsCash|20.04.2005 | 94.909,83 €
2018-09-28 13:37:34.3407|INFO|ConsCash|20.04.2005 | 27.725,59 €
2018-09-28 13:37:36.4335|INFO|ConsCash|02.05.2005 | 82.239,49 €
2018-09-28 13:37:38.0374|INFO|ConsCash|04.05.2005 | 12.594,68 €
2018-09-28 13:37:40.1467|INFO|ConsCash|16.05.2005 | 81.674,18 €
2018-09-28 13:37:41.7774|INFO|ConsCash|18.05.2005 | 11.127,88 €
2018-09-28 13:37:41.7869|INFO|ConsCash|18.05.2005 | -59.312,72 €
2018-09-28 13:37:41.7869|INFO|ConsCash|18.05.2005 | -16.208,74 €
2018-09-28 13:37:41.7869|INFO|ConsCash|18.05.2005 | -82.045,63 €
2018-09-28 13:37:41.7869|INFO|ConsCash|18.05.2005 | -13.708,26 €
2018-09-28 13:37:44.1257|INFO|ConsCash|01.06.2005 | -107.695,46 €
2018-09-28 13:37:44.1257|INFO|ConsCash|01.06.2005 | -33.206,28 €
2018-09-28 13:37:44.1257|INFO|ConsCash|01.06.2005 | -105.223,51 €
2018-09-28 13:37:44.1257|INFO|ConsCash|01.06.2005 | -30.774,88 €
2018-09-28 13:37:44.1312|INFO|ConsCash|01.06.2005 | 43.714,30 €
2018-09-28 13:37:46.5809|INFO|ConsCash|16.06.2005 | 133.694,41 €
2018-09-28 13:37:48.1072|INFO|ConsCash|20.06.2005 | 188.926,51 €
2018-09-28 13:37:49.7070|INFO|ConsCash|22.06.2005 | 108.591,31 €
2018-09-28 13:37:49.7070|INFO|ConsCash|22.06.2005 | 28.258,75 €
2018-09-28 13:37:49.7165|INFO|ConsCash|22.06.2005 | -56.438,21 €
2018-09-28 13:37:49.7165|INFO|ConsCash|22.06.2005 | 23.371,79 €
2018-09-28 13:37:49.7165|INFO|ConsCash|22.06.2005 | 18.089,97 €
2018-09-28 13:37:52.1508|INFO|ConsCash|06.07.2005 | -63.836,05 €
2018-09-28 13:37:52.1508|INFO|ConsCash|06.07.2005 | 13.424,63 €
2018-09-28 13:37:54.5277|INFO|ConsCash|20.07.2005 | -89.973,06 €
2018-09-28 13:37:54.5277|INFO|ConsCash|20.07.2005 | -11.283,46 €
2018-09-28 13:37:56.4319|INFO|ConsCash|27.07.2005 | 3.912,54 €
2018-09-28 13:37:58.8368|INFO|ConsCash|10.08.2005 | -36.470,53 €
2018-09-28 13:37:58.8368|INFO|ConsCash|10.08.2005 | 4.208,88 €
2018-09-28 13:38:01.3544|INFO|ConsCash|24.08.2005 | -38.555,92 €
2018-09-28 13:38:01.3544|INFO|ConsCash|24.08.2005 | 76.848,88 €
2018-09-28 13:38:02.9681|INFO|ConsCash|25.08.2005 | 119.179,35 €
2018-09-28 13:38:04.6803|INFO|ConsCash|31.08.2005 | 40.399,53 €
2018-09-28 13:38:07.0633|INFO|ConsCash|14.09.2005 | -36.516,47 €
2018-09-28 13:38:07.0633|INFO|ConsCash|14.09.2005 | 83.954,29 €
2018-09-28 13:38:08.9542|INFO|ConsCash|21.09.2005 | 4.639,79 €
2018-09-28 13:38:11.3691|INFO|ConsCash|05.10.2005 | -70.907,53 €
2018-09-28 13:38:11.3691|INFO|ConsCash|05.10.2005 | 53.961,25 €
2018-09-28 13:38:11.3691|INFO|ConsCash|05.10.2005 | 17.455,65 €
2018-09-28 13:38:12.9421|INFO|ConsCash|06.10.2005 | 92.472,30 €
2018-09-28 13:38:14.4371|INFO|ConsCash|10.10.2005 | 171.274,38 €
2018-09-28 13:38:16.1178|INFO|ConsCash|12.10.2005 | 93.555,18 €
2018-09-28 13:38:16.1178|INFO|ConsCash|12.10.2005 | 15.882,77 €
2018-09-28 13:38:17.9445|INFO|ConsCash|18.10.2005 | 61.806,05 €
2018-09-28 13:38:19.5267|INFO|ConsCash|19.10.2005 | 136.771,33 €
2018-09-28 13:38:21.4400|INFO|ConsCash|26.10.2005 | 61.935,08 €
2018-09-28 13:38:23.8726|INFO|ConsCash|09.11.2005 | -13.658,32 €
2018-09-28 13:38:23.8726|INFO|ConsCash|09.11.2005 | 50.945,48 €
2018-09-28 13:38:25.8504|INFO|ConsCash|16.11.2005 | -26.447,77 €
2018-09-28 13:38:25.8504|INFO|ConsCash|16.11.2005 | 47.165,51 €
2018-09-28 13:38:28.3006|INFO|ConsCash|30.11.2005 | -25.430,33 €
2018-09-28 13:38:28.3022|INFO|ConsCash|30.11.2005 | 55.487,18 €
2018-09-28 13:38:28.3022|INFO|ConsCash|30.11.2005 | -47.614,93 €
2018-09-28 13:38:28.3022|INFO|ConsCash|30.11.2005 | 28.484,03 €
2018-09-28 13:38:30.7300|INFO|ConsCash|14.12.2005 | -50.247,07 €
2018-09-28 13:38:30.7300|INFO|ConsCash|14.12.2005 | 28.529,63 €
2018-09-28 13:38:30.7300|INFO|ConsCash|14.12.2005 | -50.500,74 €
2018-09-28 13:38:30.7300|INFO|ConsCash|14.12.2005 | 33.672,69 €
2018-09-28 13:38:32.9287|INFO|ConsCash|28.12.2005 | -77.438,96 €
2018-09-28 13:38:32.9287|INFO|ConsCash|28.12.2005 | 3.785,58 €
2018-09-28 13:38:32.9287|INFO|ConsCash|28.12.2005 | 85.010,13 €
2018-09-28 13:38:43.9390|INFO|ConsCash|17.05.2006 | 214.882,18 €
2018-09-28 13:38:45.5402|INFO|ConsCash|18.05.2006 | 273.196,66 €
2018-09-28 13:38:47.1002|INFO|ConsCash|22.05.2006 | 360.843,66 €
2018-09-28 13:38:48.6481|INFO|ConsCash|23.05.2006 | 479.425,30 €
2018-09-28 13:38:50.2267|INFO|ConsCash|24.05.2006 | 390.732,33 €
2018-09-28 13:38:50.2267|INFO|ConsCash|24.05.2006 | 301.947,48 €
2018-09-28 13:38:50.2267|INFO|ConsCash|24.05.2006 | 213.169,32 €
2018-09-28 13:38:50.2267|INFO|ConsCash|24.05.2006 | 124.408,88 €
2018-09-28 13:38:50.2267|INFO|ConsCash|24.05.2006 | 35.620,88 €
2018-09-28 13:38:50.2267|INFO|ConsCash|24.05.2006 | 90.728,88 €
2018-09-28 13:38:51.8790|INFO|ConsCash|26.05.2006 | 181.879,29 €
2018-09-28 13:38:54.2206|INFO|ConsCash|07.06.2006 | 93.274,59 €
2018-09-28 13:38:54.2236|INFO|ConsCash|07.06.2006 | 4.672,34 €
2018-09-28 13:38:55.8522|INFO|ConsCash|08.06.2006 | 85.471,58 €
2018-09-28 13:38:57.6262|INFO|ConsCash|13.06.2006 | 166.769,98 €
2018-09-28 13:38:59.2806|INFO|ConsCash|14.06.2006 | 82.335,40 €
2018-09-28 13:38:59.2936|INFO|ConsCash|14.06.2006 | 5.480,21 €
2018-09-28 13:38:59.2936|INFO|ConsCash|14.06.2006 | 87.557,12 €
2018-09-28 13:38:59.2936|INFO|ConsCash|14.06.2006 | 3.115,40 €
2018-09-28 13:38:59.2936|INFO|ConsCash|14.06.2006 | 85.202,78 €
2018-09-28 13:38:59.2936|INFO|ConsCash|14.06.2006 | 747,56 €
2018-09-28 13:39:01.8153|INFO|ConsCash|28.06.2006 | -108.524,68 €
2018-09-28 13:39:01.8173|INFO|ConsCash|28.06.2006 | -25.488,52 €
2018-09-28 13:39:01.8173|INFO|ConsCash|28.06.2006 | -114.428,92 €
2018-09-28 13:39:01.8173|INFO|ConsCash|28.06.2006 | 2.990,76 €
2018-09-28 13:39:01.8173|INFO|ConsCash|28.06.2006 | -81.782,24 €
2018-09-28 13:39:01.8173|INFO|ConsCash|28.06.2006 | 4.279,01 €
2018-09-28 13:39:01.8173|INFO|ConsCash|28.06.2006 | 90.340,26 €
2018-09-28 13:39:04.4632|INFO|ConsCash|12.07.2006 | 53.710,26 €
2018-09-28 13:39:04.4632|INFO|ConsCash|12.07.2006 | -92.866,21 €
2018-09-28 13:39:04.4632|INFO|ConsCash|12.07.2006 | -5.272,21 €
2018-09-28 13:39:06.6600|INFO|ConsCash|19.07.2006 | 4.885,24 €
2018-09-28 13:39:09.2469|INFO|ConsCash|02.08.2006 | -33.561,26 €
2018-09-28 13:39:09.2469|INFO|ConsCash|02.08.2006 | 65.334,19 €
2018-09-28 13:39:11.6257|INFO|ConsCash|16.08.2006 | -37.389,61 €
2018-09-28 13:39:11.6257|INFO|ConsCash|16.08.2006 | 66.693,59 €
2018-09-28 13:39:11.6287|INFO|ConsCash|16.08.2006 | 170.776,78 €
2018-09-28 13:39:13.7616|INFO|ConsCash|23.08.2006 | 57.741,97 €
2018-09-28 13:39:16.3544|INFO|ConsCash|06.09.2006 | -56.440,61 €
2018-09-28 13:39:16.3544|INFO|ConsCash|06.09.2006 | 28.190,09 €
2018-09-28 13:39:16.3544|INFO|ConsCash|06.09.2006 | -94.171,36 €
2018-09-28 13:39:16.3544|INFO|ConsCash|06.09.2006 | 11.498,69 €
2018-09-28 13:39:18.9152|INFO|ConsCash|20.09.2006 | -107.032,66 €
2018-09-28 13:39:18.9152|INFO|ConsCash|20.09.2006 | 9.828,14 €
2018-09-28 13:39:18.9152|INFO|ConsCash|20.09.2006 | 133.205,64 €
2018-09-28 13:39:18.9152|INFO|ConsCash|20.09.2006 | 15.505,89 €
2018-09-28 13:39:21.0130|INFO|ConsCash|27.09.2006 | -164.555,05 €
2018-09-28 13:39:21.0130|INFO|ConsCash|27.09.2006 | -45.627,07 €
2018-09-28 13:39:21.0130|INFO|ConsCash|27.09.2006 | 73.300,91 €
2018-09-28 13:39:22.8430|INFO|ConsCash|02.10.2006 | 282.014,28 €
2018-09-28 13:39:24.5362|INFO|ConsCash|03.10.2006 | 370.217,76 €
2018-09-28 13:39:26.6159|INFO|ConsCash|10.10.2006 | 503.964,38 €
2018-09-28 13:39:28.2997|INFO|ConsCash|11.10.2006 | 365.467,02 €
2018-09-28 13:39:28.3032|INFO|ConsCash|11.10.2006 | 226.971,20 €
2018-09-28 13:39:28.3032|INFO|ConsCash|11.10.2006 | 88.476,49 €
2018-09-28 13:39:30.4007|INFO|ConsCash|18.10.2006 | -65.013,21 €
2018-09-28 13:39:30.4007|INFO|ConsCash|18.10.2006 | 71.834,34 €
2018-09-28 13:39:32.5332|INFO|ConsCash|25.10.2006 | -66.928,14 €
2018-09-28 13:39:32.5347|INFO|ConsCash|25.10.2006 | 64.274,54 €
2018-09-28 13:39:35.9928|INFO|ConsCash|21.11.2006 | 188.793,74 €
2018-09-28 13:39:37.7131|INFO|ConsCash|22.11.2006 | 44.044,79 €
2018-09-28 13:39:37.7291|INFO|ConsCash|22.11.2006 | 184.893,48 €
2018-09-28 13:39:40.2409|INFO|ConsCash|06.12.2006 | 43.908,48 €
2018-09-28 13:39:42.8788|INFO|ConsCash|20.12.2006 | -108.126,58 €
2018-09-28 13:39:42.8788|INFO|ConsCash|20.12.2006 | 23.062,17 €
2018-09-28 13:39:45.5187|INFO|ConsCash|03.01.2007 | 169.654,77 €
2018-09-28 13:39:45.5187|INFO|ConsCash|03.01.2007 | 22.594,14 €
2018-09-28 13:39:48.1755|INFO|ConsCash|17.01.2007 | -122.495,46 €
2018-09-28 13:39:48.1755|INFO|ConsCash|17.01.2007 | 20.914,41 €
2018-09-28 13:39:50.9003|INFO|ConsCash|31.01.2007 | -122.851,19 €
2018-09-28 13:39:50.9003|INFO|ConsCash|31.01.2007 | 23.270,91 €
2018-09-28 13:39:53.5156|INFO|ConsCash|14.02.2007 | -183.228,78 €
2018-09-28 13:39:53.5156|INFO|ConsCash|14.02.2007 | -38.002,58 €
2018-09-28 13:39:56.1202|INFO|ConsCash|28.02.2007 | 111.126,12 €
2018-09-28 13:39:56.1202|INFO|ConsCash|28.02.2007 | -48.637,40 €
2018-09-28 13:39:56.1202|INFO|ConsCash|28.02.2007 | 8.088,32 €
2018-09-28 13:39:58.7125|INFO|ConsCash|14.03.2007 | -159.601,66 €
2018-09-28 13:39:58.7125|INFO|ConsCash|14.03.2007 | 115.615,65 €
2018-09-28 13:40:01.3350|INFO|ConsCash|28.03.2007 | -79.944,84 €
2018-09-28 13:40:01.3350|INFO|ConsCash|28.03.2007 | 31.523,85 €
2018-09-28 13:40:01.3350|INFO|ConsCash|28.03.2007 | -139.397,24 €
2018-09-28 13:40:01.3350|INFO|ConsCash|28.03.2007 | 42.460,51 €
2018-09-28 13:40:01.3350|INFO|ConsCash|28.03.2007 | 153.929,21 €
2018-09-28 13:40:03.9713|INFO|ConsCash|11.04.2007 | 138.789,41 €
2018-09-28 13:40:03.9713|INFO|ConsCash|11.04.2007 | 65.010,83 €
2018-09-28 13:40:09.1606|INFO|ConsCash|30.05.2007 | 251.079,13 €
2018-09-28 13:40:09.1606|INFO|ConsCash|30.05.2007 | 59.842,99 €
2018-09-28 13:40:11.9957|INFO|ConsCash|13.06.2007 | -125.671,89 €
2018-09-28 13:40:11.9957|INFO|ConsCash|13.06.2007 | 44.875,36 €
2018-09-28 13:40:14.7653|INFO|ConsCash|27.06.2007 | -188.953,73 €
2018-09-28 13:40:14.7653|INFO|ConsCash|27.06.2007 | -9.630,64 €
2018-09-28 13:40:18.3358|INFO|ConsCash|25.07.2007 | 278.935,16 €
2018-09-28 13:40:20.1624|INFO|ConsCash|26.07.2007 | 392.846,36 €
2018-09-28 13:40:21.9444|INFO|ConsCash|30.07.2007 | 583.502,36 €
2018-09-28 13:40:23.7774|INFO|ConsCash|01.08.2007 | 387.581,78 €
2018-09-28 13:40:23.7774|INFO|ConsCash|01.08.2007 | 191.668,66 €
2018-09-28 13:40:26.4274|INFO|ConsCash|15.08.2007 | 384.731,22 €
2018-09-28 13:40:26.4274|INFO|ConsCash|15.08.2007 | 187.524,42 €
2018-09-28 13:40:28.2358|INFO|ConsCash|16.08.2007 | 430.610,52 €
2018-09-28 13:40:30.0096|INFO|ConsCash|20.08.2007 | 554.493,50 €
2018-09-28 13:40:31.8484|INFO|ConsCash|21.08.2007 | 751.796,69 €
2018-09-28 13:40:33.6385|INFO|ConsCash|22.08.2007 | 556.314,65 €
2018-09-28 13:40:36.5503|INFO|ConsCash|05.09.2007 | 357.389,15 €
2018-09-28 13:40:36.5503|INFO|ConsCash|05.09.2007 | 158.439,38 €
2018-09-28 13:40:36.5503|INFO|ConsCash|05.09.2007 | -29.886,12 €
2018-09-28 13:40:36.5503|INFO|ConsCash|05.09.2007 | 153.956,34 €
2018-09-28 13:40:36.5503|INFO|ConsCash|05.09.2007 | -39.572,10 €
2018-09-28 13:40:36.5503|INFO|ConsCash|05.09.2007 | 164.774,70 €
2018-09-28 13:40:39.3031|INFO|ConsCash|19.09.2007 | -71.450,25 €
2018-09-28 13:40:39.3031|INFO|ConsCash|19.09.2007 | 128.685,97 €
2018-09-28 13:40:41.5244|INFO|ConsCash|26.09.2007 | 318.360,07 €
2018-09-28 13:40:41.5244|INFO|ConsCash|26.09.2007 | 113.394,07 €
2018-09-28 13:40:44.4528|INFO|ConsCash|10.10.2007 | -102.864,97 €
2018-09-28 13:40:44.4548|INFO|ConsCash|10.10.2007 | 106.540,03 €
2018-09-28 13:40:48.4103|INFO|ConsCash|13.11.2007 | 759.479,77 €
2018-09-28 13:40:50.3686|INFO|ConsCash|15.11.2007 | 904.217,77 €
2018-09-28 13:40:52.1878|INFO|ConsCash|19.11.2007 | 1.101.195,71 €
2018-09-28 13:40:54.0965|INFO|ConsCash|20.11.2007 | 1.273.389,71 €
2018-09-28 13:40:55.8983|INFO|ConsCash|21.11.2007 | 1.060.684,71 €
2018-09-28 13:40:55.8983|INFO|ConsCash|21.11.2007 | 847.977,75 €
2018-09-28 13:40:55.8983|INFO|ConsCash|21.11.2007 | 635.275,20 €
2018-09-28 13:40:55.8983|INFO|ConsCash|21.11.2007 | 422.555,56 €
2018-09-28 13:40:55.8983|INFO|ConsCash|21.11.2007 | 209.836,98 €
2018-09-28 13:40:55.9113|INFO|ConsCash|21.11.2007 | 420.356,34 €
2018-09-28 13:40:58.1787|INFO|ConsCash|28.11.2007 | 204.354,20 €
2018-09-28 13:41:01.0377|INFO|ConsCash|12.12.2007 | -4.644,40 €
2018-09-28 13:41:01.0377|INFO|ConsCash|12.12.2007 | 199.110,76 €
2018-09-28 13:41:03.3265|INFO|ConsCash|19.12.2007 | 397.425,85 €
2018-09-28 13:41:03.3265|INFO|ConsCash|19.12.2007 | 186.571,05 €
2018-09-28 13:41:03.3295|INFO|ConsCash|19.12.2007 | 397.600,27 €
2018-09-28 13:41:03.3295|INFO|ConsCash|19.12.2007 | 186.770,57 €
2018-09-28 13:41:05.9500|INFO|ConsCash|02.01.2008 | -23.688,63 €
2018-09-28 13:41:05.9500|INFO|ConsCash|02.01.2008 | 200.593,12 €
2018-09-28 13:41:08.6281|INFO|ConsCash|10.01.2008 | 392.917,62 €
2018-09-28 13:41:10.7412|INFO|ConsCash|16.01.2008 | 189.832,92 €
2018-09-28 13:41:10.7517|INFO|ConsCash|16.01.2008 | 443.613,72 €
2018-09-28 13:41:12.6189|INFO|ConsCash|17.01.2008 | 572.036,92 €
2018-09-28 13:41:14.5564|INFO|ConsCash|21.01.2008 | 762.511,92 €
2018-09-28 13:41:16.6558|INFO|ConsCash|22.01.2008 | 960.679,41 €
2018-09-28 13:41:18.7316|INFO|ConsCash|24.01.2008 | 1.149.357,09 €
2018-09-28 13:41:20.7283|INFO|ConsCash|28.01.2008 | 1.338.946,35 €
2018-09-28 13:41:23.2492|INFO|ConsCash|04.02.2008 | 1.519.631,01 €
2018-09-28 13:41:25.5624|INFO|ConsCash|06.02.2008 | 1.347.394,37 €
2018-09-28 13:41:28.4999|INFO|ConsCash|20.02.2008 | 1.153.976,87 €
2018-09-28 13:41:28.4999|INFO|ConsCash|20.02.2008 | 960.555,08 €
2018-09-28 13:41:28.4999|INFO|ConsCash|20.02.2008 | 767.141,96 €
2018-09-28 13:41:28.4999|INFO|ConsCash|20.02.2008 | 521.262,02 €
2018-09-28 13:41:31.1474|INFO|ConsCash|04.03.2008 | 789.942,74 €
2018-09-28 13:41:33.0573|INFO|ConsCash|05.03.2008 | 603.263,49 €
2018-09-28 13:41:34.9422|INFO|ConsCash|06.03.2008 | 724.206,95 €
2018-09-28 13:41:36.8880|INFO|ConsCash|10.03.2008 | 910.759,27 €
2018-09-28 13:41:38.8413|INFO|ConsCash|11.03.2008 | 1.080.982,03 €
2018-09-28 13:41:41.5406|INFO|ConsCash|12.03.2008 | 897.380,59 €
2018-09-28 13:41:41.5406|INFO|ConsCash|12.03.2008 | 728.566,28 €
2018-09-28 13:41:44.6327|INFO|ConsCash|19.03.2008 | 581.634,53 €
2018-09-28 13:41:47.2151|INFO|ConsCash|25.03.2008 | 746.987,28 €
2018-09-28 13:41:50.3670|INFO|ConsCash|02.04.2008 | 563.722,08 €
2018-09-28 13:41:50.3670|INFO|ConsCash|02.04.2008 | 380.518,34 €
2018-09-28 13:41:50.3670|INFO|ConsCash|02.04.2008 | 197.254,14 €
2018-09-28 13:41:50.3670|INFO|ConsCash|02.04.2008 | 14.035,78 €
2018-09-28 13:41:50.3790|INFO|ConsCash|02.04.2008 | -217.853,91 €
2018-09-28 13:41:50.3790|INFO|ConsCash|02.04.2008 | -42.577,74 €
2018-09-28 13:41:50.3790|INFO|ConsCash|02.04.2008 | 132.887,22 €
2018-09-28 13:41:50.3790|INFO|ConsCash|02.04.2008 | -50.374,68 €
2018-09-28 13:41:54.0215|INFO|ConsCash|16.04.2008 | -268.390,52 €
2018-09-28 13:41:54.0215|INFO|ConsCash|16.04.2008 | -95.565,42 €
2018-09-28 13:41:54.0215|INFO|ConsCash|16.04.2008 | -268.288,40 €
2018-09-28 13:41:54.0215|INFO|ConsCash|16.04.2008 | -86.661,05 €
2018-09-28 13:41:54.0215|INFO|ConsCash|16.04.2008 | 34.163,95 €
2018-09-28 13:41:54.0215|INFO|ConsCash|16.04.2008 | -145.288,00 €
2018-09-28 13:41:56.6565|INFO|ConsCash|23.04.2008 | 27.182,79 €
2018-09-28 13:41:56.6565|INFO|ConsCash|23.04.2008 | -121.145,17 €
2018-09-28 13:41:56.6565|INFO|ConsCash|23.04.2008 | 7.391,53 €
2018-09-28 13:41:59.1832|INFO|ConsCash|30.04.2008 | 39.081,13 €
2018-09-28 13:42:01.7122|INFO|ConsCash|07.05.2008 | -107.103,89 €
2018-09-28 13:42:01.7122|INFO|ConsCash|07.05.2008 | -45.106,13 €
2018-09-28 13:42:04.8097|INFO|ConsCash|21.05.2008 | -227.956,48 €
2018-09-28 13:42:04.8097|INFO|ConsCash|21.05.2008 | 88.562,58 €
2018-09-28 13:42:07.5409|INFO|ConsCash|02.06.2008 | 176.355,88 €
2018-09-28 13:42:09.6485|INFO|ConsCash|03.06.2008 | 322.864,68 €
2018-09-28 13:42:11.7177|INFO|ConsCash|04.06.2008 | 177.157,37 €
2018-09-28 13:42:11.7338|INFO|ConsCash|04.06.2008 | 31.433,67 €
2018-09-28 13:42:14.1001|INFO|ConsCash|11.06.2008 | 253.817,55 €
2018-09-28 13:42:16.1746|INFO|ConsCash|12.06.2008 | 347.002,00 €
2018-09-28 13:42:18.4590|INFO|ConsCash|18.06.2008 | 205.970,20 €
2018-09-28 13:42:18.4590|INFO|ConsCash|18.06.2008 | 64.958,29 €
2018-09-28 13:42:18.4710|INFO|ConsCash|18.06.2008 | 204.953,54 €
2018-09-28 13:42:18.4710|INFO|ConsCash|18.06.2008 | 339.293,39 €
2018-09-28 13:42:18.4710|INFO|ConsCash|18.06.2008 | 198.259,97 €
2018-09-28 13:42:22.3949|INFO|ConsCash|09.07.2008 | 65.761,80 €
2018-09-28 13:42:22.4089|INFO|ConsCash|09.07.2008 | 190.970,52 €
2018-09-28 13:42:25.0299|INFO|ConsCash|10.07.2008 | 579.196,95 €
2018-09-28 13:42:27.3671|INFO|ConsCash|14.07.2008 | 661.968,17 €
2018-09-28 13:42:29.9007|INFO|ConsCash|17.07.2008 | 782.201,92 €
2018-09-28 13:42:33.0192|INFO|ConsCash|30.07.2008 | 650.634,33 €
2018-09-28 13:42:33.0192|INFO|ConsCash|30.07.2008 | 525.941,04 €
2018-09-28 13:42:35.4270|INFO|ConsCash|04.08.2008 | 656.248,96 €
2018-09-28 13:42:38.3714|INFO|ConsCash|13.08.2008 | 526.218,41 €
2018-09-28 13:42:38.3794|INFO|ConsCash|13.08.2008 | 402.408,47 €
2018-09-28 13:42:42.0175|INFO|ConsCash|03.09.2008 | 270.674,87 €
2018-09-28 13:42:44.5578|INFO|ConsCash|09.09.2008 | 388.091,03 €
2018-09-28 13:42:47.9662|INFO|ConsCash|24.09.2008 | 260.472,24 €
2018-09-28 13:42:47.9677|INFO|ConsCash|24.09.2008 | 132.868,89 €
2018-09-28 13:42:47.9677|INFO|ConsCash|24.09.2008 | 5.255,17 €
2018-09-28 13:42:47.9677|INFO|ConsCash|24.09.2008 | -150.443,75 €
2018-09-28 13:42:47.9677|INFO|ConsCash|24.09.2008 | -22.162,40 €
2018-09-28 13:42:47.9677|INFO|ConsCash|24.09.2008 | -145.154,35 €
2018-09-28 13:42:47.9827|INFO|ConsCash|24.09.2008 | -27.396,99 €
2018-09-28 13:42:50.2605|INFO|ConsCash|25.09.2008 | 88.690,51 €
2018-09-28 13:42:52.9440|INFO|ConsCash|06.10.2008 | 221.104,51 €
2018-09-28 13:42:55.2238|INFO|ConsCash|07.10.2008 | 281.096,53 €
2018-09-28 13:42:57.6880|INFO|ConsCash|09.10.2008 | 390.130,63 €
2018-09-28 13:42:59.9628|INFO|ConsCash|13.10.2008 | 500.842,35 €
2018-09-28 13:43:02.1221|INFO|ConsCash|14.10.2008 | 620.639,37 €
2018-09-28 13:43:04.5460|INFO|ConsCash|20.10.2008 | 707.271,37 €
2018-09-28 13:43:07.2541|INFO|ConsCash|29.10.2008 | 605.261,79 €
2018-09-28 13:43:07.2541|INFO|ConsCash|29.10.2008 | 503.298,11 €
2018-09-28 13:43:07.2541|INFO|ConsCash|29.10.2008 | 401.306,61 €
2018-09-28 13:43:09.5860|INFO|ConsCash|03.11.2008 | 511.541,28 €
2018-09-28 13:43:11.8870|INFO|ConsCash|05.11.2008 | 409.108,64 €
2018-09-28 13:43:14.4157|INFO|ConsCash|11.11.2008 | 515.393,04 €
2018-09-28 13:43:17.2613|INFO|ConsCash|20.11.2008 | 605.685,55 €
2018-09-28 13:43:19.4904|INFO|ConsCash|24.11.2008 | 693.355,15 €
2018-09-28 13:43:21.8407|INFO|ConsCash|26.11.2008 | 594.487,45 €
2018-09-28 13:43:21.8407|INFO|ConsCash|26.11.2008 | 508.703,13 €
2018-09-28 13:43:24.9571|INFO|ConsCash|10.12.2008 | 411.758,88 €
2018-09-28 13:43:24.9571|INFO|ConsCash|10.12.2008 | 314.709,76 €
2018-09-28 13:43:27.3884|INFO|ConsCash|11.12.2008 | 406.496,98 €
2018-09-28 13:43:31.0888|INFO|ConsCash|30.12.2008 | 491.960,98 €
2018-09-28 13:43:33.8158|INFO|ConsCash|06.01.2009 | 581.333,88 €
2018-09-28 13:43:36.0601|INFO|ConsCash|07.01.2009 | 486.404,32 €
2018-09-28 13:43:36.0601|INFO|ConsCash|07.01.2009 | 391.482,24 €
2018-09-28 13:43:36.0601|INFO|ConsCash|07.01.2009 | 296.577,81 €
2018-09-28 13:43:36.0601|INFO|ConsCash|07.01.2009 | 201.655,71 €
2018-09-28 13:43:36.0601|INFO|ConsCash|07.01.2009 | 106.747,96 €
2018-09-28 13:43:36.0601|INFO|ConsCash|07.01.2009 | 11.832,25 €
2018-09-28 13:43:38.9445|INFO|ConsCash|15.01.2009 | 101.525,74 €
2018-09-28 13:43:41.5358|INFO|ConsCash|21.01.2009 | 182.078,68 €
2018-09-28 13:43:44.2487|INFO|ConsCash|28.01.2009 | 90.547,18 €
2018-09-28 13:43:44.2487|INFO|ConsCash|28.01.2009 | 178.083,78 €
2018-09-28 13:43:47.2405|INFO|ConsCash|09.02.2009 | 261.315,98 €
2018-09-28 13:43:49.8105|INFO|ConsCash|11.02.2009 | 171.274,94 €
2018-09-28 13:43:49.8105|INFO|ConsCash|11.02.2009 | 84.606,22 €
2018-09-28 13:43:52.9363|INFO|ConsCash|17.02.2009 | 167.884,66 €
2018-09-28 13:43:55.7167|INFO|ConsCash|23.02.2009 | 247.781,86 €
2018-09-28 13:43:58.1449|INFO|ConsCash|25.02.2009 | 163.204,18 €
2018-09-28 13:43:58.1579|INFO|ConsCash|25.02.2009 | 246.030,94 €
2018-09-28 13:44:00.5678|INFO|ConsCash|02.03.2009 | 322.917,48 €
2018-09-28 13:44:03.1617|INFO|ConsCash|05.03.2009 | 381.940,37 €
2018-09-28 13:44:05.6126|INFO|ConsCash|10.03.2009 | 464.163,84 €
2018-09-28 13:44:07.8909|INFO|ConsCash|11.03.2009 | 389.607,68 €
2018-09-28 13:44:10.7487|INFO|ConsCash|19.03.2009 | 481.770,74 €
2018-09-28 13:44:13.0875|INFO|ConsCash|23.03.2009 | 560.586,86 €
2018-09-28 13:44:15.5306|INFO|ConsCash|25.03.2009 | 482.162,46 €
2018-09-28 13:44:18.2004|INFO|ConsCash|01.04.2009 | 403.298,81 €
2018-09-28 13:44:18.2159|INFO|ConsCash|01.04.2009 | 324.429,39 €
2018-09-28 13:44:18.2159|INFO|ConsCash|01.04.2009 | 245.560,05 €
2018-09-28 13:44:21.0032|INFO|ConsCash|08.04.2009 | 166.454,40 €
2018-09-28 13:44:23.8233|INFO|ConsCash|15.04.2009 | 84.637,92 €
2018-09-28 13:44:23.8378|INFO|ConsCash|15.04.2009 | 17.789,67 €
2018-09-28 13:44:23.8398|INFO|ConsCash|15.04.2009 | -60.195,97 €
2018-09-28 13:44:23.8398|INFO|ConsCash|15.04.2009 | 10.315,73 €
2018-09-28 13:44:23.8398|INFO|ConsCash|15.04.2009 | -66.517,81 €
2018-09-28 13:44:23.8398|INFO|ConsCash|15.04.2009 | 7.765,49 €
2018-09-28 13:44:26.9810|INFO|ConsCash|27.04.2009 | 79.614,28 €
2018-09-28 13:44:29.4958|INFO|ConsCash|29.04.2009 | -18.730,68 €
2018-09-28 13:44:29.4958|INFO|ConsCash|29.04.2009 | 68.918,52 €
2018-09-28 13:44:29.4958|INFO|ConsCash|29.04.2009 | -13.664,22 €
2018-09-28 13:44:29.4958|INFO|ConsCash|29.04.2009 | 67.947,83 €
2018-09-28 13:44:32.8059|INFO|ConsCash|13.05.2009 | -3.879,77 €
2018-09-28 13:44:32.8079|INFO|ConsCash|13.05.2009 | 65.099,49 €
2018-09-28 13:44:32.8079|INFO|ConsCash|13.05.2009 | 134.078,75 €
2018-09-28 13:44:32.8079|INFO|ConsCash|13.05.2009 | 210.791,75 €
2018-09-28 13:44:32.8079|INFO|ConsCash|13.05.2009 | 130.303,41 €
2018-09-28 13:44:36.3294|INFO|ConsCash|27.05.2009 | 35.276,34 €
2018-09-28 13:44:36.3419|INFO|ConsCash|27.05.2009 | -63.908,66 €
2018-09-28 13:44:36.3419|INFO|ConsCash|27.05.2009 | 2.371,84 €
2018-09-28 13:44:36.3419|INFO|ConsCash|27.05.2009 | -99.835,16 €
2018-09-28 13:44:36.3419|INFO|ConsCash|27.05.2009 | -39.472,14 €
2018-09-28 13:44:40.0379|INFO|ConsCash|10.06.2009 | -133.844,35 €
2018-09-28 13:44:40.0379|INFO|ConsCash|10.06.2009 | -64.113,61 €
2018-09-28 13:44:40.0379|INFO|ConsCash|10.06.2009 | -150.501,59 €
2018-09-28 13:44:40.0419|INFO|ConsCash|10.06.2009 | -53.060,32 €
2018-09-28 13:44:40.0419|INFO|ConsCash|10.06.2009 | -154.378,48 €
2018-09-28 13:44:40.0419|INFO|ConsCash|10.06.2009 | -37.995,60 €
2018-09-28 13:44:40.0419|INFO|ConsCash|10.06.2009 | 31.735,14 €
2018-09-28 13:44:43.1402|INFO|ConsCash|22.06.2009 | 154.703,14 €
2018-09-28 13:44:45.4627|INFO|ConsCash|23.06.2009 | 213.903,84 €
2018-09-28 13:44:47.7550|INFO|ConsCash|24.06.2009 | 120.171,49 €
2018-09-28 13:44:50.5228|INFO|ConsCash|01.07.2009 | 23.902,89 €
2018-09-28 13:44:52.9313|INFO|ConsCash|02.07.2009 | 118.503,13 €
2018-09-28 13:44:55.1962|INFO|ConsCash|06.07.2009 | 184.902,76 €
2018-09-28 13:44:57.8180|INFO|ConsCash|07.07.2009 | 277.081,00 €
2018-09-28 13:45:00.4334|INFO|ConsCash|08.07.2009 | 186.246,37 €
2018-09-28 13:45:00.4334|INFO|ConsCash|08.07.2009 | 95.381,83 €
2018-09-28 13:45:00.4334|INFO|ConsCash|08.07.2009 | 4.545,43 €
2018-09-28 13:45:00.4334|INFO|ConsCash|08.07.2009 | -77.944,85 €
2018-09-28 13:45:00.4504|INFO|ConsCash|08.07.2009 | 11.738,17 €
2018-09-28 13:45:04.1433|INFO|ConsCash|22.07.2009 | -83.584,90 €
2018-09-28 13:45:04.1433|INFO|ConsCash|22.07.2009 | 13.384,24 €
2018-09-28 13:45:04.1433|INFO|ConsCash|22.07.2009 | -87.457,63 €
2018-09-28 13:45:04.1433|INFO|ConsCash|22.07.2009 | 14.697,77 €
2018-09-28 13:45:04.1433|INFO|ConsCash|22.07.2009 | -132.412,27 €
2018-09-28 13:45:04.1513|INFO|ConsCash|22.07.2009 | -31.098,25 €
2018-09-28 13:45:04.1513|INFO|ConsCash|22.07.2009 | -30.318,51 €
2018-09-28 13:45:04.1513|INFO|ConsCash|22.07.2009 | 172.923,72 €
2018-09-28 13:45:04.1513|INFO|ConsCash|22.07.2009 | 274.237,74 €
2018-09-28 13:45:07.8263|INFO|ConsCash|05.08.2009 | 163.356,09 €
2018-09-28 13:45:07.8263|INFO|ConsCash|05.08.2009 | 52.459,13 €
2018-09-28 13:45:07.8423|INFO|ConsCash|05.08.2009 | -96.278,97 €
2018-09-28 13:45:07.8423|INFO|ConsCash|05.08.2009 | 7.361,64 €
2018-09-28 13:45:07.8423|INFO|ConsCash|05.08.2009 | -104.337,36 €
2018-09-28 13:45:07.8423|INFO|ConsCash|05.08.2009 | -105.156,36 €
2018-09-28 13:45:07.8423|INFO|ConsCash|05.08.2009 | -1.515,76 €
2018-09-28 13:45:07.8423|INFO|ConsCash|05.08.2009 | 76.927,34 €
2018-09-28 13:45:10.4026|INFO|ConsCash|06.08.2009 | 186.492,94 €
2018-09-28 13:45:13.6605|INFO|ConsCash|19.08.2009 | 60.515,75 €
2018-09-28 13:45:13.6700|INFO|ConsCash|19.08.2009 | -58.293,93 €
2018-09-28 13:45:13.6700|INFO|ConsCash|19.08.2009 | 53.227,77 €
2018-09-28 13:45:17.3907|INFO|ConsCash|02.09.2009 | -69.746,67 €
2018-09-28 13:45:17.3907|INFO|ConsCash|02.09.2009 | 62.843,35 €
2018-09-28 13:45:20.4100|INFO|ConsCash|09.09.2009 | 178.777,01 €
2018-09-28 13:45:20.4100|INFO|ConsCash|09.09.2009 | 47.832,56 €
2018-09-28 13:45:23.3778|INFO|ConsCash|16.09.2009 | -126.798,94 €
2018-09-28 13:45:23.3778|INFO|ConsCash|16.09.2009 | 4.969,06 €
2018-09-28 13:45:23.3778|INFO|ConsCash|16.09.2009 | -5.359,03 €
2018-09-28 13:45:23.3778|INFO|ConsCash|16.09.2009 | 121.532,45 €
2018-09-28 13:45:26.9705|INFO|ConsCash|30.09.2009 | -7.215,37 €
2018-09-28 13:45:26.9705|INFO|ConsCash|30.09.2009 | 139.580,63 €
2018-09-28 13:45:26.9705|INFO|ConsCash|30.09.2009 | 286.376,63 €
2018-09-28 13:45:29.9854|INFO|ConsCash|07.10.2009 | 131.278,55 €
2018-09-28 13:45:33.6871|INFO|ConsCash|21.10.2009 | 69.494,53 €
2018-09-28 13:45:36.9559|INFO|ConsCash|28.10.2009 | 212.843,65 €
2018-09-28 13:45:39.9769|INFO|ConsCash|04.11.2009 | 67.663,62 €
2018-09-28 13:45:43.2550|INFO|ConsCash|10.11.2009 | 192.106,80 €
2018-09-28 13:45:45.9990|INFO|ConsCash|11.11.2009 | 46.960,36 €
2018-09-28 13:45:48.6018|INFO|ConsCash|12.11.2009 | 138.100,36 €
2018-09-28 13:45:51.0861|INFO|ConsCash|16.11.2009 | 289.878,22 €
2018-09-28 13:45:53.6539|INFO|ConsCash|18.11.2009 | 141.708,29 €
2018-09-28 13:45:53.6679|INFO|ConsCash|18.11.2009 | -3.872,89 €
2018-09-28 13:45:53.6679|INFO|ConsCash|18.11.2009 | 161.037,46 €
2018-09-28 13:45:56.5254|INFO|ConsCash|25.11.2009 | 13.640,68 €
2018-09-28 13:45:59.1239|INFO|ConsCash|30.11.2009 | 102.097,31 €
2018-09-28 13:46:02.2896|INFO|ConsCash|09.12.2009 | -21.794,44 €
2018-09-28 13:46:02.2916|INFO|ConsCash|09.12.2009 | 119.932,15 €
2018-09-28 13:46:05.6762|INFO|ConsCash|23.12.2009 | 265.350,67 €
2018-09-28 13:46:05.6762|INFO|ConsCash|23.12.2009 | 124.336,70 €
2018-09-28 13:46:05.6762|INFO|ConsCash|23.12.2009 | 270.500,84 €
2018-09-28 13:46:05.6762|INFO|ConsCash|23.12.2009 | 129.513,21 €
2018-09-28 13:46:10.3945|INFO|ConsCash|21.01.2010 | 310.864,38 €
2018-09-28 13:46:12.8220|INFO|ConsCash|25.01.2010 | 395.597,68 €
2018-09-28 13:46:15.2156|INFO|ConsCash|26.01.2010 | 530.644,61 €
2018-09-28 13:46:17.7079|INFO|ConsCash|27.01.2010 | 396.084,85 €
2018-09-28 13:46:17.7079|INFO|ConsCash|27.01.2010 | 261.527,35 €
2018-09-28 13:46:17.7119|INFO|ConsCash|27.01.2010 | 126.966,55 €
2018-09-28 13:46:17.7119|INFO|ConsCash|27.01.2010 | 10.720,28 €
2018-09-28 13:46:17.7119|INFO|ConsCash|27.01.2010 | 129.701,21 €
2018-09-28 13:46:20.0668|INFO|ConsCash|28.01.2010 | 260.797,58 €
2018-09-28 13:46:23.3389|INFO|ConsCash|10.02.2010 | 128.468,24 €
2018-09-28 13:46:26.2145|INFO|ConsCash|17.02.2010 | -2.355,54 €
2018-09-28 13:46:26.2145|INFO|ConsCash|17.02.2010 | 129.315,26 €
2018-09-28 13:46:29.7088|INFO|ConsCash|03.03.2010 | -24.323,68 €
2018-09-28 13:46:29.7118|INFO|ConsCash|03.03.2010 | 113.270,15 €
2018-09-28 13:46:29.7118|INFO|ConsCash|03.03.2010 | -88.224,25 €
2018-09-28 13:46:29.7118|INFO|ConsCash|03.03.2010 | 47.793,80 €
2018-09-28 13:46:29.7118|INFO|ConsCash|03.03.2010 | 185.387,63 €
2018-09-28 13:46:33.3283|INFO|ConsCash|17.03.2010 | 19.538,67 €
2018-09-28 13:46:33.3448|INFO|ConsCash|17.03.2010 | -164.945,63 €
2018-09-28 13:46:33.3448|INFO|ConsCash|17.03.2010 | -33.547,13 €
2018-09-28 13:46:36.8389|INFO|ConsCash|31.03.2010 | 130.715,32 €
2018-09-28 13:46:36.8389|INFO|ConsCash|31.03.2010 | -36.495,68 €
2018-09-28 13:46:36.8389|INFO|ConsCash|31.03.2010 | 8.406,94 €
2018-09-28 13:46:42.0388|INFO|ConsCash|05.05.2010 | 160.939,70 €
2018-09-28 13:46:42.0388|INFO|ConsCash|05.05.2010 | -1.709,70 €
2018-09-28 13:46:42.0388|INFO|ConsCash|05.05.2010 | 8.122,30 €
2018-09-28 13:46:45.3957|INFO|ConsCash|19.05.2010 | 166.807,00 €
2018-09-28 13:46:45.3957|INFO|ConsCash|19.05.2010 | -4.045,62 €
2018-09-28 13:46:45.3987|INFO|ConsCash|19.05.2010 | 8.607,70 €
2018-09-28 13:46:47.9577|INFO|ConsCash|20.05.2010 | 234.184,10 €
2018-09-28 13:46:50.5558|INFO|ConsCash|24.05.2010 | 341.593,50 €
2018-09-28 13:46:53.0378|INFO|ConsCash|25.05.2010 | 500.432,67 €
2018-09-28 13:46:55.4352|INFO|ConsCash|26.05.2010 | 336.310,34 €
2018-09-28 13:46:55.4352|INFO|ConsCash|26.05.2010 | 172.184,35 €
2018-09-28 13:46:55.4352|INFO|ConsCash|26.05.2010 | 8.060,19 €
2018-09-28 13:46:58.7736|INFO|ConsCash|09.06.2010 | -173.975,30 €
2018-09-28 13:46:58.7736|INFO|ConsCash|09.06.2010 | 75.140,55 €
2018-09-28 13:46:58.7736|INFO|ConsCash|09.06.2010 | -100.142,25 €
2018-09-28 13:46:58.7736|INFO|ConsCash|09.06.2010 | 67.338,99 €
2018-09-28 13:46:58.7736|INFO|ConsCash|09.06.2010 | -106.747,01 €
2018-09-28 13:46:58.7736|INFO|ConsCash|09.06.2010 | 69.323,39 €
2018-09-28 13:46:58.7736|INFO|ConsCash|09.06.2010 | 318.439,23 €
2018-09-28 13:47:02.3478|INFO|ConsCash|23.06.2010 | 114.466,73 €
2018-09-28 13:47:02.3593|INFO|ConsCash|23.06.2010 | 92.499,49 €
2018-09-28 13:47:05.8077|INFO|ConsCash|07.07.2010 | 281.134,72 €
2018-09-28 13:47:05.8077|INFO|ConsCash|07.07.2010 | 88.016,59 €
2018-09-28 13:47:09.1092|INFO|ConsCash|20.07.2010 | 238.796,52 €
2018-09-28 13:47:11.5564|INFO|ConsCash|21.07.2010 | 52.219,48 €
2018-09-28 13:47:14.7622|INFO|ConsCash|29.07.2010 | 238.185,22 €
2018-09-28 13:47:17.6365|INFO|ConsCash|04.08.2010 | 48.418,72 €
2018-09-28 13:47:17.6590|INFO|ConsCash|04.08.2010 | -122.042,86 €
2018-09-28 13:47:17.6590|INFO|ConsCash|04.08.2010 | 13.856,04 €
2018-09-28 13:47:17.6590|INFO|ConsCash|04.08.2010 | -151.486,48 €
2018-09-28 13:47:17.6640|INFO|ConsCash|04.08.2010 | 23.258,19 €
2018-09-28 13:47:17.6640|INFO|ConsCash|04.08.2010 | -168.307,17 €
2018-09-28 13:47:17.6640|INFO|ConsCash|04.08.2010 | 19.664,25 €
2018-09-28 13:47:20.7138|INFO|ConsCash|11.08.2010 | 198.898,65 €
2018-09-28 13:47:20.7138|INFO|ConsCash|11.08.2010 | 14.495,43 €
2018-09-28 13:47:24.3802|INFO|ConsCash|25.08.2010 | 197.567,46 €
2018-09-28 13:47:24.3817|INFO|ConsCash|25.08.2010 | 15.149,99 €
2018-09-28 13:47:28.1837|INFO|ConsCash|08.09.2010 | -170.143,61 €
2018-09-28 13:47:28.1837|INFO|ConsCash|08.09.2010 | 14.960,52 €
2018-09-28 13:47:28.1837|INFO|ConsCash|08.09.2010 | -173.907,46 €
2018-09-28 13:47:28.1837|INFO|ConsCash|08.09.2010 | 59.143,49 €
2018-09-28 13:47:31.7972|INFO|ConsCash|22.09.2010 | -188.435,87 €
2018-09-28 13:47:31.7972|INFO|ConsCash|22.09.2010 | 13.130,77 €
2018-09-28 13:47:31.7972|INFO|ConsCash|22.09.2010 | -253.191,58 €
2018-09-28 13:47:31.8037|INFO|ConsCash|22.09.2010 | -115.204,58 €
2018-09-28 13:47:31.8037|INFO|ConsCash|22.09.2010 | 22.782,42 €
2018-09-28 13:47:31.8037|INFO|ConsCash|22.09.2010 | 224.349,06 €
2018-09-28 13:47:35.9698|INFO|ConsCash|13.10.2010 | 414.925,46 €
2018-09-28 13:47:35.9698|INFO|ConsCash|13.10.2010 | 171.350,83 €
2018-09-28 13:47:39.5307|INFO|ConsCash|27.10.2010 | -83.349,77 €
2018-09-28 13:47:39.5307|INFO|ConsCash|27.10.2010 | 73.310,82 €
2018-09-28 13:47:43.0529|INFO|ConsCash|10.11.2010 | -259.441,23 €
2018-09-28 13:47:43.0529|INFO|ConsCash|10.11.2010 | -25.614,10 €
2018-09-28 13:47:43.0529|INFO|ConsCash|10.11.2010 | -292.347,18 €
2018-09-28 13:47:43.0529|INFO|ConsCash|10.11.2010 | 40.065,62 €
2018-09-28 13:47:43.0529|INFO|ConsCash|10.11.2010 | 372.478,42 €
2018-09-28 13:47:46.4987|INFO|ConsCash|24.11.2010 | 58.064,92 €
2018-09-28 13:47:46.5072|INFO|ConsCash|24.11.2010 | -434.124,41 €
2018-09-28 13:47:46.5072|INFO|ConsCash|24.11.2010 | -314.460,71 €
2018-09-28 13:47:46.5072|INFO|ConsCash|24.11.2010 | -194.797,01 €
2018-09-28 13:47:46.5072|INFO|ConsCash|24.11.2010 | 36.246,55 €
2018-09-28 13:47:51.2611|INFO|ConsCash|22.12.2010 | -316.588,55 €
2018-09-28 13:47:51.2611|INFO|ConsCash|22.12.2010 | 14.203,45 €
2018-09-28 13:47:56.5168|INFO|ConsCash|20.01.2011 | 263.795,15 €
2018-09-28 13:47:59.0962|INFO|ConsCash|24.01.2011 | 469.034,15 €
2018-09-28 13:48:01.5863|INFO|ConsCash|25.01.2011 | 839.785,15 €
2018-09-28 13:48:04.7569|INFO|ConsCash|02.02.2011 | 526.028,65 €
2018-09-28 13:48:04.7569|INFO|ConsCash|02.02.2011 | 212.324,11 €
2018-09-28 13:48:08.3672|INFO|ConsCash|16.02.2011 | -84.287,57 €
2018-09-28 13:48:08.3672|INFO|ConsCash|16.02.2011 | 224.328,43 €
2018-09-28 13:48:08.3672|INFO|ConsCash|16.02.2011 | -97.915,08 €
2018-09-28 13:48:08.3672|INFO|ConsCash|16.02.2011 | 737.877,97 €
2018-09-28 13:48:08.3672|INFO|ConsCash|16.02.2011 | 410.512,03 €
2018-09-28 13:48:11.3658|INFO|ConsCash|23.02.2011 | 99.898,27 €
2018-09-28 13:48:11.3863|INFO|ConsCash|23.02.2011 | 318.188,32 €
2018-09-28 13:48:13.9615|INFO|ConsCash|24.02.2011 | 619.853,80 €
2018-09-28 13:48:16.8114|INFO|ConsCash|02.03.2011 | 311.542,71 €
2018-09-28 13:48:16.8114|INFO|ConsCash|02.03.2011 | 3.311,91 €
2018-09-28 13:48:16.8329|INFO|ConsCash|02.03.2011 | 316.284,81 €
2018-09-28 13:48:16.8344|INFO|ConsCash|02.03.2011 | 7.979,06 €
2018-09-28 13:48:20.1816|INFO|ConsCash|14.03.2011 | 301.565,28 €
2018-09-28 13:48:22.7867|INFO|ConsCash|15.03.2011 | 584.599,58 €
2018-09-28 13:48:25.3101|INFO|ConsCash|16.03.2011 | 303.169,58 €
2018-09-28 13:48:25.3101|INFO|ConsCash|16.03.2011 | 21.692,85 €
2018-09-28 13:48:25.3186|INFO|ConsCash|16.03.2011 | 285.539,15 €
2018-09-28 13:48:29.0719|INFO|ConsCash|30.03.2011 | -7.458,55 €
2018-09-28 13:48:29.0719|INFO|ConsCash|30.03.2011 | 293.566,53 €
2018-09-28 13:48:29.0719|INFO|ConsCash|30.03.2011 | -6.705,21 €
2018-09-28 13:48:29.0719|INFO|ConsCash|30.03.2011 | 306.170,28 €
2018-09-28 13:48:29.0719|INFO|ConsCash|30.03.2011 | 607.195,35 €
2018-09-28 13:48:32.1907|INFO|ConsCash|06.04.2011 | 270.147,24 €
2018-09-28 13:48:35.3242|INFO|ConsCash|13.04.2011 | -55.658,60 €
2018-09-28 13:48:35.3242|INFO|ConsCash|13.04.2011 | 240.645,32 €
2018-09-28 13:48:35.3242|INFO|ConsCash|13.04.2011 | 223.584,40 €
2018-09-28 13:48:37.9430|INFO|ConsCash|14.04.2011 | 461.679,40 €
2018-09-28 13:48:40.5698|INFO|ConsCash|18.04.2011 | 778.937,40 €
2018-09-28 13:48:43.8154|INFO|ConsCash|27.04.2011 | 446.786,58 €
2018-09-28 13:48:43.8169|INFO|ConsCash|27.04.2011 | 114.630,97 €
2018-09-28 13:48:43.8334|INFO|ConsCash|27.04.2011 | -190.536,83 €
2018-09-28 13:48:43.8334|INFO|ConsCash|27.04.2011 | 34.304,92 €
2018-09-28 13:48:43.8334|INFO|ConsCash|27.04.2011 | -302.564,58 €
2018-09-28 13:48:43.8334|INFO|ConsCash|27.04.2011 | -4.320,99 €
2018-09-28 13:48:43.8334|INFO|ConsCash|27.04.2011 | -426.286,99 €
2018-09-28 13:48:43.8334|INFO|ConsCash|27.04.2011 | -99.518,99 €
2018-09-28 13:48:43.8334|INFO|ConsCash|27.04.2011 | 227.249,01 €
2018-09-28 13:48:47.5652|INFO|ConsCash|11.05.2011 | -167.576,77 €
2018-09-28 13:48:47.5672|INFO|ConsCash|11.05.2011 | 161.384,09 €
2018-09-28 13:48:50.4796|INFO|ConsCash|18.05.2011 | 205.482,65 €
2018-09-28 13:48:53.4436|INFO|ConsCash|25.05.2011 | 531.084,39 €
2018-09-28 13:48:53.4436|INFO|ConsCash|25.05.2011 | 183.273,99 €
2018-09-28 13:48:56.3700|INFO|ConsCash|01.06.2011 | 522.114,44 €
2018-09-28 13:48:56.3700|INFO|ConsCash|01.06.2011 | 169.045,26 €
2018-09-28 13:48:59.7939|INFO|ConsCash|13.06.2011 | 569.258,64 €
2018-09-28 13:49:02.4360|INFO|ConsCash|14.06.2011 | 796.612,32 €
2018-09-28 13:49:04.9719|INFO|ConsCash|15.06.2011 | 451.713,76 €
2018-09-28 13:49:04.9734|INFO|ConsCash|15.06.2011 | 106.799,48 €
2018-09-28 13:49:04.9734|INFO|ConsCash|15.06.2011 | 446.818,94 €
2018-09-28 13:49:07.6337|INFO|ConsCash|20.06.2011 | 766.708,84 €
2018-09-28 13:49:10.8786|INFO|ConsCash|29.06.2011 | 404.764,18 €
2018-09-28 13:49:10.8821|INFO|ConsCash|29.06.2011 | 42.823,71 €
2018-09-28 13:49:10.8821|INFO|ConsCash|29.06.2011 | -395.927,39 €
2018-09-28 13:49:10.8821|INFO|ConsCash|29.06.2011 | -45.262,43 €
2018-09-28 13:49:10.8821|INFO|ConsCash|29.06.2011 | -399.457,09 €
2018-09-28 13:49:10.8951|INFO|ConsCash|29.06.2011 | -36.242,87 €
2018-09-28 13:49:10.8951|INFO|ConsCash|29.06.2011 | 326.971,36 €
2018-09-28 13:49:14.4493|INFO|ConsCash|13.07.2011 | -111.979,79 €
2018-09-28 13:49:14.4493|INFO|ConsCash|13.07.2011 | 239.683,21 €
2018-09-28 13:49:18.0049|INFO|ConsCash|27.07.2011 | 586.257,61 €
2018-09-28 13:49:18.0049|INFO|ConsCash|27.07.2011 | 191.527,69 €
2018-09-28 13:49:20.6676|INFO|ConsCash|01.08.2011 | 412.040,57 €
2018-09-28 13:49:23.1979|INFO|ConsCash|02.08.2011 | 731.899,81 €
2018-09-28 13:49:25.7497|INFO|ConsCash|03.08.2011 | 371.758,56 €
2018-09-28 13:49:28.2878|INFO|ConsCash|04.08.2011 | 714.944,56 €
2018-09-28 13:49:31.2766|INFO|ConsCash|15.08.2011 | 1.125.158,98 €
2018-09-28 13:49:33.8039|INFO|ConsCash|16.08.2011 | 1.342.086,76 €
2018-09-28 13:49:36.3373|INFO|ConsCash|17.08.2011 | 1.001.789,26 €
2018-09-28 13:49:36.3373|INFO|ConsCash|17.08.2011 | 661.489,90 €
2018-09-28 13:49:36.3503|INFO|ConsCash|17.08.2011 | 997.767,10 €
2018-09-28 13:49:38.9131|INFO|ConsCash|18.08.2011 | 1.313.962,80 €
2018-09-28 13:49:41.4845|INFO|ConsCash|22.08.2011 | 1.626.841,41 €
2018-09-28 13:49:44.0618|INFO|ConsCash|23.08.2011 | 1.957.149,22 €
2018-09-28 13:49:47.1557|INFO|ConsCash|31.08.2011 | 1.622.266,72 €
2018-09-28 13:49:47.1597|INFO|ConsCash|31.08.2011 | 1.293.445,92 €
2018-09-28 13:49:50.6947|INFO|ConsCash|14.09.2011 | 961.324,26 €
2018-09-28 13:49:50.6947|INFO|ConsCash|14.09.2011 | 629.214,47 €
2018-09-28 13:49:50.6947|INFO|ConsCash|14.09.2011 | 297.098,67 €
2018-09-28 13:49:50.6947|INFO|ConsCash|14.09.2011 | -113.357,01 €
2018-09-28 13:49:50.7072|INFO|ConsCash|14.09.2011 | 224.511,49 €
2018-09-28 13:49:50.7072|INFO|ConsCash|14.09.2011 | -112.732,86 €
2018-09-28 13:49:50.7072|INFO|ConsCash|14.09.2011 | 211.886,39 €
2018-09-28 13:49:54.2778|INFO|ConsCash|28.09.2011 | -98.086,34 €
2018-09-28 13:49:54.2778|INFO|ConsCash|28.09.2011 | 246.998,14 €
2018-09-28 13:49:54.2778|INFO|ConsCash|28.09.2011 | 569.014,43 €
2018-09-28 13:49:54.2778|INFO|ConsCash|28.09.2011 | 237.239,63 €
2018-09-28 13:49:57.7877|INFO|ConsCash|12.10.2011 | -164.583,64 €
2018-09-28 13:49:57.7877|INFO|ConsCash|12.10.2011 | 317.825,36 €
2018-09-28 13:49:57.7877|INFO|ConsCash|12.10.2011 | 562,61 €
2018-09-28 13:49:57.7877|INFO|ConsCash|12.10.2011 | -300.221,65 €
2018-09-28 13:49:57.7877|INFO|ConsCash|12.10.2011 | 16.449,71 €
2018-09-28 13:50:01.4810|INFO|ConsCash|26.10.2011 | -429.350,71 €
2018-09-28 13:50:01.4810|INFO|ConsCash|26.10.2011 | -207.150,57 €
2018-09-28 13:50:01.4810|INFO|ConsCash|26.10.2011 | -538.925,77 €
2018-09-28 13:50:01.4810|INFO|ConsCash|26.10.2011 | -192.922,72 €
2018-09-28 13:50:01.4810|INFO|ConsCash|26.10.2011 | 29.277,42 €
2018-09-28 13:50:05.2737|INFO|ConsCash|09.11.2011 | -449.612,58 €
2018-09-28 13:50:05.2737|INFO|ConsCash|09.11.2011 | -116.452,50 €
2018-09-28 13:50:05.2737|INFO|ConsCash|09.11.2011 | -139.453,44 €
2018-09-28 13:50:05.2737|INFO|ConsCash|09.11.2011 | 193.939,64 €
2018-09-28 13:50:05.2737|INFO|ConsCash|09.11.2011 | 527.099,72 €
2018-09-28 13:50:08.5010|INFO|ConsCash|16.11.2011 | 137.576,82 €
2018-09-28 13:50:11.5334|INFO|ConsCash|23.11.2011 | 159.585,60 €
2018-09-28 13:50:11.5334|INFO|ConsCash|23.11.2011 | -208.488,40 €
2018-09-28 13:50:11.5334|INFO|ConsCash|23.11.2011 | 18.288,00 €
2018-09-28 13:50:15.1703|INFO|ConsCash|07.12.2011 | -388.664,00 €
2018-09-28 13:50:15.1703|INFO|ConsCash|07.12.2011 | -5.773,80 €
2018-09-28 13:50:15.1703|INFO|ConsCash|07.12.2011 | -265.538,10 €
2018-09-28 13:50:15.1744|INFO|ConsCash|07.12.2011 | 303.091,56 €
2018-09-28 13:50:15.1744|INFO|ConsCash|07.12.2011 | 871.721,22 €
2018-09-28 13:50:18.2673|INFO|ConsCash|14.12.2011 | 426.204,20 €
2018-09-28 13:50:21.6730|INFO|ConsCash|28.12.2011 | 180.898,72 €
2018-09-28 13:50:21.6745|INFO|ConsCash|28.12.2011 | -270.692,96 €
2018-09-28 13:50:21.6745|INFO|ConsCash|28.12.2011 | 90.179,02 €
2018-09-28 13:50:25.5837|INFO|ConsCash|11.01.2012 | -604.542,98 €
2018-09-28 13:50:25.5837|INFO|ConsCash|11.01.2012 | -394.466,28 €
2018-09-28 13:50:29.2402|INFO|ConsCash|25.01.2012 | -646.716,55 €
2018-09-28 13:50:29.2402|INFO|ConsCash|25.01.2012 | -464.178,83 €
2018-09-28 13:50:29.2402|INFO|ConsCash|25.01.2012 | 21.860,85 €
2018-09-28 13:50:33.0077|INFO|ConsCash|08.02.2012 | -466.209,15 €
2018-09-28 13:50:33.0077|INFO|ConsCash|08.02.2012 | -47.105,71 €
2018-09-28 13:50:33.0077|INFO|ConsCash|08.02.2012 | -480.469,48 €
2018-09-28 13:50:33.0077|INFO|ConsCash|08.02.2012 | -226.301,10 €
2018-09-28 13:50:33.0077|INFO|ConsCash|08.02.2012 | 27.867,28 €
2018-09-28 13:50:36.7952|INFO|ConsCash|22.02.2012 | -631.151,27 €
2018-09-28 13:50:36.7952|INFO|ConsCash|22.02.2012 | -363.985,91 €
2018-09-28 13:50:36.7952|INFO|ConsCash|22.02.2012 | -96.820,55 €
2018-09-28 13:50:36.7992|INFO|ConsCash|22.02.2012 | 346.081,81 €
2018-09-28 13:50:40.5510|INFO|ConsCash|07.03.2012 | 1.394.477,71 €
2018-09-28 13:50:40.5510|INFO|ConsCash|07.03.2012 | 894.825,61 €
2018-09-28 13:50:40.5510|INFO|ConsCash|07.03.2012 | 1.363.354,11 €
2018-09-28 13:50:40.5510|INFO|ConsCash|07.03.2012 | 863.714,97 €
2018-09-28 13:50:44.2970|INFO|ConsCash|21.03.2012 | 330.756,17 €
2018-09-28 13:50:44.3060|INFO|ConsCash|21.03.2012 | -204.473,99 €
2018-09-28 13:50:44.3060|INFO|ConsCash|21.03.2012 | 502.018,69 €
2018-09-28 13:50:44.3060|INFO|ConsCash|21.03.2012 | 8.400,94 €
2018-09-28 13:50:44.3060|INFO|ConsCash|21.03.2012 | 714.893,62 €
2018-09-28 13:50:48.0661|INFO|ConsCash|04.04.2012 | 120.950,22 €
2018-09-28 13:50:48.0661|INFO|ConsCash|04.04.2012 | -519.311,14 €
2018-09-28 13:50:48.0661|INFO|ConsCash|04.04.2012 | -104.839,04 €
2018-09-28 13:50:51.8772|INFO|ConsCash|18.04.2012 | -906.474,15 €
2018-09-28 13:50:51.8772|INFO|ConsCash|18.04.2012 | -308.348,05 €
2018-09-28 13:50:51.8772|INFO|ConsCash|18.04.2012 | -934.647,25 €
2018-09-28 13:50:51.8772|INFO|ConsCash|18.04.2012 | -358.146,45 €
2018-09-28 13:50:51.8772|INFO|ConsCash|18.04.2012 | 239.979,65 €
2018-09-28 13:50:55.0870|INFO|ConsCash|25.04.2012 | 206.533,40 €
2018-09-28 13:50:58.1726|INFO|ConsCash|02.05.2012 | -208.029,61 €
2018-09-28 13:50:58.1746|INFO|ConsCash|02.05.2012 | 457.203,41 €
2018-09-28 13:51:07.8689|INFO|ConsCash|25.07.2012 | -310.044,33 €
2018-09-28 13:51:07.8689|INFO|ConsCash|25.07.2012 | -50.369,78 €
2018-09-28 13:51:12.0853|INFO|ConsCash|08.08.2012 | -801.144,53 €
2018-09-28 13:51:12.0853|INFO|ConsCash|08.08.2012 | 60.056,43 €
2018-09-28 13:51:15.9414|INFO|ConsCash|22.08.2012 | -852.893,01 €
2018-09-28 13:51:15.9414|INFO|ConsCash|22.08.2012 | -401.588,66 €
2018-09-28 13:51:19.2113|INFO|ConsCash|29.08.2012 | 34.920,34 €
2018-09-28 13:51:23.0405|INFO|ConsCash|12.09.2012 | -596.361,98 €
2018-09-28 13:51:23.0405|INFO|ConsCash|12.09.2012 | 494.602,02 €
2018-09-28 13:51:26.9066|INFO|ConsCash|26.09.2012 | 1.156.295,58 €
2018-09-28 13:51:26.9066|INFO|ConsCash|26.09.2012 | 517.678,50 €
2018-09-28 13:51:34.6246|INFO|ConsCash|26.11.2012 | 803.148,37 €
2018-09-28 13:51:37.4125|INFO|ConsCash|27.11.2012 | 1.464.664,65 €
2018-09-28 13:51:40.2275|INFO|ConsCash|28.11.2012 | 794.274,31 €
2018-09-28 13:51:40.2275|INFO|ConsCash|28.11.2012 | 123.832,21 €
2018-09-28 13:51:44.1556|INFO|ConsCash|12.12.2012 | -525.481,59 €
2018-09-28 13:51:44.1571|INFO|ConsCash|12.12.2012 | 511.505,05 €
2018-09-28 13:51:44.1571|INFO|ConsCash|12.12.2012 | -175.593,44 €
2018-09-28 13:51:44.1571|INFO|ConsCash|12.12.2012 | 1.190.409,06 €
2018-09-28 13:51:48.3920|INFO|ConsCash|02.01.2013 | 283.864,56 €
2018-09-28 13:51:52.5844|INFO|ConsCash|16.01.2013 | 958.319,10 €
2018-09-28 13:51:52.5844|INFO|ConsCash|16.01.2013 | 247.368,47 €
